1777761526,-0.02806,-0.12812,-0.13604,0.79627,-0.60424,-0.02716,-0.01049,-0.90198,-0.66916,0.14770,
1777761526,-0.04786,-0.18027,-0.10637,0.78486,-0.61915,-0.02313,-0.01083,-0.94426,-0.61868,0.25954,
1777761526,-0.07854,-0.24341,-0.11851,0.77734,-0.62860,-0.01754,-0.01711,-1.02748,-0.57332,0.29623,
1777761526,-0.06200,-0.28586,-0.13952,0.77327,-0.63353,-0.01735,-0.01965,-1.07270,-0.54668,0.38783,
1777761527,-0.15627,-0.35147,-0.17539,0.76847,-0.63914,-0.01319,-0.02800,-1.19796,-0.60919,0.41538,
1777761527,-0.21815,-0.39731,-0.21143,0.76554,-0.64246,-0.01237,-0.03229,-1.27318,-0.63725,0.44108,
1777761527,-0.38149,-0.47555,-0.27254,0.76429,-0.64367,-0.01248,-0.03742,-1.47834,-0.68976,0.39777,
1777761527,-0.46047,-0.52806,-0.32712,0.76441,-0.64318,-0.01778,-0.04103,-1.58878,-0.70534,0.38524,
1777761527,-0.59889,-0.59745,-0.33895,0.76583,-0.64070,-0.02233,-0.05005,-1.70756,-0.78418,0.45566,
1777761527,-0.65370,-0.62438,-0.32480,0.76799,-0.63822,-0.02313,-0.04838,-1.73998,-0.81560,0.43729,
1777761527,-0.78075,-0.68859,-0.30557,0.76932,-0.63682,-0.02738,-0.04302,-1.83601,-0.85231,0.41827,
1777761527,-0.82859,-0.70669,-0.27924,0.77165,-0.63400,-0.02773,-0.04277,-1.86998,-0.86338,0.41323,
1777761527,-0.97197,-0.77602,-0.26692,0.77553,-0.62925,-0.02900,-0.04189,-1.98865,-0.90436,0.40049,
1777761527,-1.01852,-0.79156,-0.23713,0.77780,-0.62643,-0.02934,-0.04183,-2.02305,-0.93858,0.40104,
1777761527,-1.16609,-0.86135,-0.22185,0.78073,-0.62269,-0.03131,-0.04168,-2.11456,-0.96360,0.39496,
1777761527,-1.21634,-0.88165,-0.19515,0.78091,-0.62221,-0.03395,-0.04340,-2.13934,-0.99880,0.39829,
1777761527,-1.37429,-0.95601,-0.17990,0.78193,-0.62065,-0.03708,-0.04480,-2.23044,-1.05280,0.40120,
1777761527,-1.43597,-0.98436,-0.15340,0.78352,-0.61855,-0.03823,-0.04505,-2.26923,-1.07860,0.39225,
1777761527,-1.58869,-1.05476,-0.13745,0.78563,-0.61571,-0.04041,-0.04536,-2.36802,-1.13020,0.36856,
1777761527,-1.65740,-1.08853,-0.11498,0.78675,-0.61397,-0.04291,-0.04713,-2.40366,-1.16483,0.35990,
1777761527,-1.82610,-1.16931,-0.09850,0.78838,-0.61160,-0.04517,-0.04865,-2.49005,-1.22850,0.36469,
1777761527,-1.89214,-1.20434,-0.08022,0.78917,-0.61046,-0.04639,-0.04900,-2.52738,-1.25644,0.35522,
1777761527,-2.06857,-1.28983,-0.06390,0.78926,-0.61022,-0.04761,-0.04934,-2.61213,-1.31273,0.36561,
1777761528,-2.14188,-1.32986,-0.04908,0.78945,-0.60989,-0.04862,-0.04946,-2.65792,-1.34756,0.35617,
1777761528,-2.32920,-1.42386,-0.03473,0.79143,-0.60699,-0.05063,-0.05139,-2.76165,-1.42284,0.34693,
1777761528,-2.40790,-1.46949,-0.02242,0.79280,-0.60498,-0.05246,-0.05210,-2.80880,-1.46477,0.33106,
1777761528,-2.60191,-1.56945,-0.00810,0.79492,-0.60177,-0.05711,-0.05205,-2.90279,-1.53195,0.33216,
1777761528,-2.68598,-1.61804,0.00244,0.79689,-0.59902,-0.05862,-0.05206,-2.94659,-1.55247,0.32184,
1777761528,-2.88479,-1.72332,0.01737,0.79984,-0.59481,-0.06126,-0.05208,-3.04812,-1.63433,0.31059,
1777761528,-2.97811,-1.77361,0.02432,0.80079,-0.59335,-0.06243,-0.05260,-3.09577,-1.66962,0.30798,
1777761528,-3.19389,-1.89029,0.03471,0.80237,-0.59096,-0.06364,-0.05401,-3.21194,-1.74186,0.28211,
1777761528,-3.30519,-1.95395,0.04143,0.80267,-0.59031,-0.06486,-0.05515,-3.26819,-1.79392,0.27698,
1777761528,-3.51733,-2.07205,0.04897,0.80443,-0.58780,-0.06541,-0.05572,-3.37352,-1.88231,0.26482,
1777761528,-3.63663,-2.14115,0.05391,0.80564,-0.58605,-0.06591,-0.05601,-3.43702,-1.92964,0.24698,
1777761528,-3.85978,-2.26859,0.05959,0.80753,-0.58335,-0.06640,-0.05646,-3.53741,-2.01229,0.24717,
1777761528,-3.98343,-2.34160,0.06416,0.80860,-0.58168,-0.06747,-0.05714,-3.59332,-2.04587,0.23167,
1777761528,-4.22971,-2.48426,0.06823,0.80899,-0.58064,-0.07016,-0.05882,-3.70271,-2.13279,0.21961,
1777761528,-4.34523,-2.55329,0.07049,0.80947,-0.57976,-0.07109,-0.05991,-3.75545,-2.18166,0.21578,
1777761528,-4.60310,-2.70609,0.07201,0.81036,-0.57826,-0.07313,-0.05994,-3.87297,-2.28116,0.19677,
1777761528,-4.72496,-2.77994,0.07339,0.81106,-0.57712,-0.07426,-0.05993,-3.92931,-2.31803,0.18311,
1777761528,-4.99450,-2.94237,0.07210,0.81217,-0.57522,-0.07624,-0.06069,-4.05087,-2.41053,0.16036,
1777761528,-5.12180,-3.02047,0.07195,0.81267,-0.57422,-0.07766,-0.06176,-4.10625,-2.45106,0.14970,
1777761528,-5.40399,-3.19286,0.06833,0.81325,-0.57297,-0.07951,-0.06331,-4.22777,-2.55504,0.13249,
1777761529,-5.53679,-3.27485,0.06719,0.81367,-0.57220,-0.08044,-0.06365,-4.28686,-2.60109,0.12145,
1777761529,-5.82790,-3.45732,0.06156,0.81445,-0.57068,-0.08262,-0.06455,-4.41107,-2.69470,0.09163,
1777761529,-5.98450,-3.55599,0.05910,0.81493,-0.56962,-0.08446,-0.06552,-4.47598,-2.75119,0.08435,
1777761529,-6.27071,-3.73575,0.05263,0.81562,-0.56830,-0.08669,-0.06554,-4.59664,-2.83957,0.06599,
1777761529,-6.43567,-3.84003,0.04948,0.81613,-0.56739,-0.08796,-0.06537,-4.66808,-2.90082,0.05529,
1777761529,-6.73422,-4.03017,0.04037,0.81775,-0.56461,-0.09004,-0.06622,-4.79749,-3.00467,0.02765,
1777761529,-6.90496,-4.14058,0.03585,0.81882,-0.56263,-0.09198,-0.06722,-4.86718,-3.05663,0.01889,
1777761529,-7.23680,-4.35392,0.02497,0.81996,-0.56042,-0.09461,-0.06817,-5.00001,-3.15371,0.00362,
1777761529,-7.39521,-4.45646,0.02082,0.82045,-0.55943,-0.09594,-0.06859,-5.06727,-3.20471,-0.01445,
1777761529,-7.74037,-4.67924,0.00767,0.82018,-0.55938,-0.09807,-0.06911,-5.21349,-3.31872,-0.04795,
1777761529,-7.90498,-4.78660,0.00176,0.82021,-0.55911,-0.09919,-0.06941,-5.27945,-3.37008,-0.06068,
1777761529,-8.26525,-5.02168,-0.01520,0.82004,-0.55891,-0.10135,-0.06989,-5.41991,-3.47462,-0.08197,
1777761529,-8.43633,-5.13369,-0.02226,0.82059,-0.55785,-0.10267,-0.07001,-5.48749,-3.52058,-0.09354,
1777761529,-8.81099,-5.37818,-0.04121,0.82112,-0.55657,-0.10504,-0.07045,-5.63512,-3.62336,-0.11979,
1777761529,-8.98868,-5.49382,-0.04991,0.82130,-0.55603,-0.10613,-0.07094,-5.70477,-3.67451,-0.13527,
1777761529,-9.37844,-5.74979,-0.07391,0.82288,-0.55311,-0.10858,-0.07181,-5.85691,-3.78143,-0.16314,
1777761529,-9.58723,-5.88661,-0.08589,0.82394,-0.55118,-0.11000,-0.07232,-5.93749,-3.83975,-0.18432,
1777761529,-9.96711,-6.13704,-0.11130,0.82461,-0.54953,-0.11269,-0.07302,-6.08280,-3.95203,-0.21697,
1777761529,-10.18545,-6.28162,-0.12523,0.82557,-0.54769,-0.11449,-0.07325,-6.16595,-4.01684,-0.23401,
1777761529,-10.58058,-6.54518,-0.15512,0.82746,-0.54413,-0.11767,-0.07348,-6.31612,-4.11286,-0.27292,
1777761530,-10.80533,-6.69501,-0.17158,0.82862,-0.54192,-0.11952,-0.07366,-6.39939,-4.17886,-0.29024,
1777761530,-11.24633,-6.98359,-0.19227,0.82973,-0.53960,-0.12209,-0.07396,-6.56787,-4.30242,-0.32044,
1777761530,-11.45770,-7.12205,-0.20281,0.83002,-0.53887,-0.12312,-0.07429,-6.64861,-4.35498,-0.33887,
1777761530,-11.91543,-7.42229,-0.22678,0.83055,-0.53738,-0.12548,-0.07527,-6.81845,-4.47605,-0.36802,
1777761530,-12.13438,-7.56611,-0.23869,0.83058,-0.53698,-0.12668,-0.07576,-6.89738,-4.53374,-0.37820,
1777761530,-12.61113,-7.88021,-0.26548,0.83088,-0.53581,-0.12944,-0.07607,-7.06789,-4.66589,-0.40277,
1777761530,-12.83704,-8.02934,-0.27851,0.83106,-0.53521,-0.13075,-0.07609,-7.15192,-4.71955,-0.41932,
1777761530,-13.33047,-8.35469,-0.30852,0.83141,-0.53399,-0.13278,-0.07734,-7.33449,-4.83556,-0.46196,
1777761530,-13.56601,-8.51018,-0.32353,0.83156,-0.53345,-0.13322,-0.07869,-7.41959,-4.90709,-0.47509,
1777761530,-14.07925,-8.85052,-0.35684,0.83266,-0.53130,-0.13452,-0.07937,-7.60159,-5.04568,-0.50704,
1777761530,-14.32054,-9.01065,-0.37311,0.83289,-0.53062,-0.13572,-0.07954,-7.68758,-5.10058,-0.52422,
1777761530,-14.89095,-9.28550,-0.42494,0.83327,-0.52903,-0.14006,-0.07855,-7.88911,-5.16764,-0.56384,
1777761530,-15.15412,-9.48933,-0.45067,0.83387,-0.52769,-0.14076,-0.07993,-7.97833,-5.24633,-0.59004,
1777761530,-15.66797,-9.81645,-0.50327,0.83452,-0.52608,-0.14217,-0.08124,-8.15389,-5.37124,-0.62962,
1777761530,-15.95681,-10.01104,-0.53379,0.83508,-0.52491,-0.14328,-0.08111,-8.25142,-5.43968,-0.65246,
1777761530,-16.51266,-10.38803,-0.59697,0.83563,-0.52335,-0.14548,-0.08156,-8.44050,-5.57734,-0.70762,
1777761530,-16.77562,-10.56924,-0.62796,0.83607,-0.52229,-0.14658,-0.08195,-8.52722,-5.63903,-0.73049,
1777761530,-17.34843,-10.96201,-0.69747,0.83655,-0.52078,-0.14878,-0.08267,-8.71295,-5.77062,-0.77411,
1777761530,-17.61801,-11.15130,-0.73010,0.83688,-0.51993,-0.14957,-0.08330,-8.80042,-5.83951,-0.79877,
1777761530,-18.20668,-11.56201,-0.80228,0.83814,-0.51724,-0.15132,-0.08419,-8.98975,-5.98934,-0.85166,
1777761531,-18.48254,-11.76366,-0.83646,0.83923,-0.51514,-0.15221,-0.08462,-9.07698,-6.05489,-0.87672,
1777761531,-19.08751,-12.19375,-0.91092,0.84054,-0.51201,-0.15481,-0.08587,-9.26746,-6.20914,-0.92751,
1777761531,-19.36889,-12.40631,-0.94608,0.84145,-0.51004,-0.15612,-0.08630,-9.35589,-6.28021,-0.95496,
1777761531,-19.99656,-12.84917,-1.02527,0.84284,-0.50685,-0.15856,-0.08703,-9.55239,-6.42137,-1.00588,
1777761531,-20.29607,-13.05284,-1.06457,0.84333,-0.50559,-0.15948,-0.08793,-9.64556,-6.49194,-1.02688,
1777761531,-20.95318,-13.49168,-1.15596,0.84397,-0.50364,-0.16133,-0.08968,-9.85422,-6.62937,-1.09235,
1777761531,-21.30988,-13.71978,-1.20787,0.84439,-0.50241,-0.16240,-0.09063,-9.96755,-6.69674,-1.12950,
1777761531,-21.95177,-14.14374,-1.30692,0.84479,-0.50053,-0.16499,-0.09261,-10.16885,-6.83627,-1.18823,
1777761531,-22.31520,-14.38427,-1.36529,0.84522,-0.49913,-0.16642,-0.09367,-10.28116,-6.91276,-1.22147,
1777761531,-22.95920,-14.84357,-1.48059,0.84636,-0.49633,-0.16841,-0.09467,-10.47749,-7.05387,-1.28446,
1777761531,-23.33426,-15.09162,-1.54653,0.84675,-0.49512,-0.16944,-0.09572,-10.59313,-7.12557,-1.31813,
1777761531,-24.04953,-15.58404,-1.68166,0.84722,-0.49331,-0.17137,-0.09746,-10.80587,-7.29458,-1.39009,
1777761531,-24.39385,-15.80983,-1.74428,0.84728,-0.49286,-0.17246,-0.09725,-10.90900,-7.36896,-1.42383,
1777761531,-25.13249,-16.31872,-1.88323,0.84790,-0.49108,-0.17522,-0.09588,-11.13265,-7.51977,-1.49915,
1777761531,-25.48647,-16.55371,-1.95041,0.84832,-0.49002,-0.17655,-0.09524,-11.23899,-7.58812,-1.53771,
1777761531,-26.24752,-17.07997,-2.10003,0.84912,-0.48775,-0.17894,-0.09523,-11.45898,-7.74960,-1.60774,
1777761531,-26.61021,-17.32044,-2.17007,0.84966,-0.48633,-0.17993,-0.09582,-11.56351,-7.82160,-1.64176,
1777761531,-27.39210,-17.85877,-2.32381,0.85005,-0.48491,-0.18179,-0.09605,-11.79019,-7.97761,-1.71282,
1777761531,-27.77127,-18.11055,-2.39782,0.85037,-0.48394,-0.18275,-0.09634,-11.90132,-8.05012,-1.75508,
1777761531,-28.57349,-18.66228,-2.55794,0.85092,-0.48199,-0.18483,-0.09726,-12.13161,-8.21347,-1.83351,
1777761532,-29.01013,-18.95276,-2.64384,0.85130,-0.48079,-0.18595,-0.09775,-12.25693,-8.29681,-1.87451,
1777761532,-29.79193,-19.49019,-2.80444,0.85157,-0.47924,-0.18838,-0.09837,-12.47642,-8.45113,-1.95039,
1777761532,-30.23828,-19.78854,-2.89494,0.85198,-0.47798,-0.18959,-0.09860,-12.60122,-8.54088,-1.99327,
1777761532,-31.04164,-20.34156,-3.06274,0.85260,-0.47618,-0.19136,-0.09849,-12.82434,-8.69494,-2.06744,
1777761532,-31.50132,-20.64883,-3.15613,0.85302,-0.47518,-0.19217,-0.09813,-12.95183,-8.77664,-2.11119,
1777761532,-32.38184,-21.25467,-3.34241,0.85363,-0.47340,-0.19372,-0.09838,-13.19286,-8.94369,-2.20161,
1777761532,-32.80082,-21.53290,-3.43063,0.85400,-0.47225,-0.19453,-0.09907,-13.30690,-9.01932,-2.24003,
1777761532,-33.70272,-22.15134,-3.62314,0.85456,-0.47021,-0.19643,-0.10025,-13.54789,-9.18609,-2.31979,
1777761532,-34.13606,-22.43904,-3.71537,0.85498,-0.46902,-0.19732,-0.10051,-13.66419,-9.26054,-2.35709,
1777761532,-35.06516,-23.07701,-3.91740,0.85576,-0.46671,-0.19927,-0.10076,-13.91355,-9.43764,-2.44976,
1777761532,-35.50528,-23.37240,-4.01287,0.85602,-0.46561,-0.20058,-0.10105,-14.03125,-9.51225,-2.49269,
1777761532,-36.45558,-24.02563,-4.22491,0.85631,-0.46369,-0.20330,-0.10193,-14.27988,-9.68410,-2.57957,
1777761532,-36.91013,-24.32835,-4.32429,0.85659,-0.46260,-0.20436,-0.10240,-14.40057,-9.76217,-2.62057,
1777761532,-37.88759,-24.99724,-4.54097,0.85692,-0.46130,-0.20562,-0.10300,-14.65691,-9.94172,-2.71004,
1777761532,-38.41474,-25.35169,-4.65616,0.85700,-0.46094,-0.20616,-0.10286,-14.79398,-10.03544,-2.76131,
1777761532,-39.35931,-26.00295,-4.86708,0.85701,-0.46054,-0.20713,-0.10261,-15.03690,-10.20542,-2.85535,
1777761532,-39.89410,-26.37163,-4.98783,0.85712,-0.46015,-0.20764,-0.10247,-15.17473,-10.29316,-2.90323,
1777761532,-40.86015,-27.04005,-5.20938,0.85757,-0.45827,-0.20915,-0.10399,-15.41663,-10.46302,-2.98897,
1777761532,-41.41012,-27.41574,-5.33403,0.85786,-0.45715,-0.21000,-0.10481,-15.55436,-10.55548,-3.03888,
1777761532,-42.46196,-28.14588,-5.57793,0.85825,-0.45555,-0.21127,-0.10604,-15.81631,-10.73528,-3.13393,
1777761533,-42.96134,-28.49368,-5.69377,0.85882,-0.45426,-0.21141,-0.10666,-15.94045,-10.82458,-3.18395,
1777761533,-44.03499,-29.24747,-5.94539,0.85962,-0.45193,-0.21251,-0.10794,-16.20139,-11.01257,-3.27817,
1777761533,-44.53920,-29.61374,-6.06487,0.85988,-0.45092,-0.21335,-0.10841,-16.32188,-11.10295,-3.32510,
1777761533,-45.63120,-30.40434,-6.32615,0.86027,-0.44910,-0.21510,-0.10942,-16.58144,-11.30234,-3.42723,
1777761533,-46.13529,-30.79648,-6.44929,0.86071,-0.44795,-0.21562,-0.10967,-16.69955,-11.40120,-3.47706,
1777761533,-47.24144,-31.62412,-6.71789,0.86172,-0.44497,-0.21761,-0.10993,-16.96015,-11.60231,-3.57833,
1777761533,-47.74601,-32.04171,-6.84398,0.86207,-0.44368,-0.21866,-0.11035,-17.07577,-11.70786,-3.62926,
1777761533,-48.86520,-32.91349,-7.11921,0.86272,-0.44108,-0.22076,-0.11151,-17.33528,-11.92145,-3.73784,
1777761533,-49.33254,-33.41415,-7.24712,0.86368,-0.43880,-0.22120,-0.11221,-17.43922,-12.05189,-3.78559,
1777761533,-50.41614,-34.39975,-7.52360,0.86459,-0.43609,-0.22240,-0.11337,-17.68276,-12.29614,-3.89460,
1777761533,-51.01938,-34.87807,-7.67112,0.86488,-0.43486,-0.22340,-0.11392,-17.81975,-12.41229,-3.94770,
1777761533,-52.15134,-35.70124,-7.94349,0.86556,-0.43288,-0.22435,-0.11442,-18.08064,-12.59975,-4.05099,
1777761533,-52.78559,-36.16528,-8.09794,0.86603,-0.43156,-0.22491,-0.11473,-18.22447,-12.70774,-4.10676,
1777761533,-54.01657,-37.05115,-8.40157,0.86645,-0.42953,-0.22705,-0.11499,-18.50160,-12.91337,-4.21703,
1777761533,-54.59475,-37.47378,-8.54551,0.86685,-0.42809,-0.22811,-0.11525,-18.63158,-13.00687,-4.27333,
1777761533,-55.85486,-38.37617,-8.86068,0.86739,-0.42552,-0.23023,-0.11650,-18.91413,-13.20856,-4.38187,
1777761533,-56.45356,-38.80762,-9.01145,0.86774,-0.42411,-0.23114,-0.11720,-19.04701,-13.30571,-4.43290,
1777761533,-57.74124,-39.72444,-9.33732,0.86814,-0.42220,-0.23288,-0.11770,-19.33199,-13.51127,-4.54562,
1777761533,-58.35112,-40.16020,-9.49291,0.86847,-0.42090,-0.23388,-0.11795,-19.46660,-13.61108,-4.59879,
1777761534,-59.66830,-41.09615,-9.83134,0.86890,-0.41856,-0.23599,-0.11888,-19.75622,-13.81145,-4.71634,
1777761534,-60.29503,-41.54147,-9.99344,0.86906,-0.41766,-0.23663,-0.11960,-19.89287,-13.91003,-4.76922,
1777761534,-61.64834,-42.50012,-10.34675,0.86906,-0.41610,-0.23888,-0.12059,-20.18545,-14.11744,-4.88506,
1777761534,-62.28487,-42.95118,-10.51388,0.86903,-0.41542,-0.24008,-0.12074,-20.32334,-14.21321,-4.94600,
1777761534,-63.66714,-43.93094,-10.88131,0.86952,-0.41322,-0.24185,-0.12126,-20.62413,-14.42493,-5.05906,
1777761534,-64.40064,-44.44853,-11.07502,0.86963,-0.41210,-0.24302,-0.12193,-20.78084,-14.53683,-5.12033,
1777761534,-65.72714,-45.38638,-11.42951,0.86959,-0.41051,-0.24522,-0.12311,-21.06339,-14.73156,-5.22961,
1777761534,-66.47872,-45.91648,-11.63082,0.86966,-0.40965,-0.24611,-0.12372,-21.22357,-14.83992,-5.29487,
1777761534,-67.83753,-46.87508,-11.99851,0.86967,-0.40838,-0.24775,-0.12460,-21.51124,-15.04242,-5.41671,
1777761534,-68.60594,-47.41534,-12.20614,0.86994,-0.40703,-0.24876,-0.12509,-21.67339,-15.15691,-5.48067,
1777761534,-70.07812,-48.45543,-12.60952,0.87029,-0.40483,-0.25066,-0.12601,-21.97925,-15.37078,-5.60717,
1777761534,-70.77561,-48.94626,-12.80139,0.87048,-0.40379,-0.25140,-0.12655,-22.12362,-15.47414,-5.66790,
1777761534,-72.27779,-50.01010,-13.21962,0.87072,-0.40190,-0.25321,-0.12735,-22.43244,-15.69398,-5.79364,
1777761534,-72.98711,-50.51104,-13.41684,0.87088,-0.40087,-0.25424,-0.12739,-22.58003,-15.78825,-5.85035,
1777761534,-74.52345,-51.59597,-13.84639,0.87086,-0.39952,-0.25573,-0.12877,-22.89449,-16.00912,-5.98030,
1777761534,-75.24681,-52.10543,-14.04944,0.87112,-0.39832,-0.25640,-0.12946,-23.04122,-16.11118,-6.04330,
1777761534,-76.81547,-53.21538,-14.49418,0.87118,-0.39675,-0.25830,-0.13008,-23.35672,-16.33278,-6.17789,
1777761534,-77.55235,-53.73533,-14.70335,0.87156,-0.39544,-0.25888,-0.13039,-23.50332,-16.43590,-6.24882,
1777761534,-79.15076,-54.86467,-15.16047,0.87229,-0.39275,-0.26016,-0.13106,-23.82269,-16.65588,-6.38983,
1777761534,-79.99942,-55.46327,-15.40274,0.87234,-0.39165,-0.26134,-0.13169,-23.99089,-16.77142,-6.45835,
1777761535,-81.53636,-56.55133,-15.84471,0.87206,-0.39013,-0.26385,-0.13301,-24.29611,-16.98591,-6.58360,
1777761535,-82.40082,-57.16495,-16.09431,0.87196,-0.38919,-0.26521,-0.13376,-24.46588,-17.10851,-6.66412,
1777761535,-83.95529,-58.26948,-16.54952,0.87194,-0.38754,-0.26724,-0.13457,-24.77008,-17.32231,-6.80437,
1777761535,-84.84196,-58.89880,-16.80919,0.87190,-0.38688,-0.26801,-0.13525,-24.94334,-17.44077,-6.88644,
1777761535,-86.53791,-60.10135,-17.31235,0.87167,-0.38594,-0.26941,-0.13662,-25.27132,-17.67507,-7.03805,
1777761535,-87.33723,-60.66691,-17.54918,0.87161,-0.38540,-0.27003,-0.13726,-25.42655,-17.78363,-7.10728,
1777761535,-89.06146,-61.88592,-18.06252,0.87165,-0.38444,-0.27092,-0.13794,-25.75920,-18.01637,-7.26550,
1777761535,-89.87843,-62.46345,-18.30688,0.87201,-0.38310,-0.27157,-0.13819,-25.91595,-18.12573,-7.33518,
1777761535,-91.63617,-63.70970,-18.83647,0.87259,-0.38024,-0.27350,-0.13857,-26.24911,-18.36177,-7.48517,
1777761535,-92.46758,-64.30150,-19.08809,0.87262,-0.37945,-0.27446,-0.13862,-26.40571,-18.47155,-7.55768,
1777761535,-94.25940,-65.57413,-19.63357,0.87257,-0.37798,-0.27661,-0.13872,-26.74319,-18.70491,-7.70841,
1777761535,-95.10489,-66.17591,-19.89156,0.87259,-0.37720,-0.27757,-0.13877,-26.90053,-18.81873,-7.78181,
1777761535,-96.93429,-67.47155,-20.45174,0.87295,-0.37525,-0.27869,-0.13953,-27.23902,-19.06217,-7.94194,
1777761535,-97.90609,-68.15867,-20.74919,0.87319,-0.37422,-0.27914,-0.13992,-27.41928,-19.19253,-8.02087,
1777761535,-99.65958,-69.39994,-21.29093,0.87326,-0.37306,-0.28030,-0.14024,-27.73964,-19.42057,-8.17754,
1777761535,-100.64773,-70.10224,-21.59755,0.87315,-0.37227,-0.28150,-0.14066,-27.91836,-19.55103,-8.26786,
1777761535,-102.42596,-71.37027,-22.15525,0.87289,-0.37097,-0.28364,-0.14137,-28.24167,-19.77928,-8.41607,
1777761535,-103.43393,-72.09111,-22.47071,0.87305,-0.36992,-0.28445,-0.14152,-28.42407,-19.90589,-8.50225,
1777761535,-105.36178,-73.46262,-23.07981,0.87312,-0.36792,-0.28642,-0.14229,-28.77008,-20.15420,-8.67063,
1777761535,-106.27045,-74.11252,-23.36792,0.87323,-0.36690,-0.28723,-0.14269,-28.93264,-20.26910,-8.74707,
1777761536,-108.22931,-75.50397,-23.99047,0.87319,-0.36565,-0.28872,-0.14314,-29.28079,-20.52020,-8.91679,
1777761536,-109.16091,-76.16815,-24.28798,0.87321,-0.36499,-0.28937,-0.14336,-29.44489,-20.63668,-8.99661,
1777761536,-111.15779,-77.58832,-24.93116,0.87325,-0.36356,-0.29079,-0.14388,-29.80070,-20.88201,-9.16676,
1777761536,-112.10221,-78.26150,-25.23547,0.87367,-0.36198,-0.29118,-0.14451,-29.96649,-20.99666,-9.24787,
1777761536,-114.13865,-79.70430,-25.89431,0.87446,-0.35879,-0.29209,-0.14584,-30.32092,-21.24902,-9.42498,
1777761536,-115.09872,-80.38531,-26.20568,0.87471,-0.35755,-0.29262,-0.14633,-30.48548,-21.37121,-9.50955,
1777761536,-117.17497,-81.86230,-26.88449,0.87431,-0.35673,-0.29466,-0.14663,-30.84467,-21.62387,-9.69156,
1777761536,-118.14229,-82.55576,-27.20254,0.87417,-0.35628,-0.29555,-0.14677,-31.01069,-21.74262,-9.77660,
1777761536,-120.25094,-84.05510,-27.89749,0.87437,-0.35447,-0.29679,-0.14748,-31.37021,-22.00703,-9.95738,
1777761536,-121.36885,-84.85177,-28.26614,0.87457,-0.35335,-0.29733,-0.14789,-31.56417,-22.14355,-10.04608,
1777761536,-123.38891,-86.29228,-28.93692,0.87444,-0.35145,-0.29954,-0.14872,-31.90568,-22.38869,-10.22440,
1777761536,-124.51803,-87.10706,-29.31411,0.87424,-0.35046,-0.30099,-0.14927,-32.09478,-22.52257,-10.32155,
1777761536,-126.70491,-88.66724,-30.04773,0.87392,-0.34950,-0.30245,-0.15048,-32.46237,-22.78585,-10.50840,
1777761536,-127.72262,-89.39421,-30.39040,0.87408,-0.34862,-0.30275,-0.15095,-32.63212,-22.90817,-10.60140,
1777761536,-129.94032,-90.96847,-31.14240,0.87434,-0.34688,-0.30351,-0.15193,-33.00050,-23.17679,-10.79619,
1777761538,-0.07524,-0.04538,0.00243,0.77709,-0.62930,-0.00313,-0.01019,-0.32367,-0.10223,0.07549,
1777761538,-0.16126,-0.17248,-0.01944,0.80274,-0.59613,-0.01271,-0.00861,-0.46515,-0.39445,-0.05052,
1777761538,-0.18588,-0.24200,-0.05450,0.80111,-0.59845,-0.00748,0.00467,-0.33449,-0.36683,-0.17371,
1777761538,-0.17005,-0.27718,-0.07982,0.80071,-0.59898,-0.00650,0.00669,-0.25468,-0.35918,-0.23754,
1777761538,-0.13974,-0.29762,-0.15972,0.79842,-0.60204,-0.00800,0.00393,-0.12928,-0.30810,-0.31278,
1777761538,-0.10139,-0.29165,-0.19266,0.79796,-0.60264,-0.00769,0.00483,-0.06790,-0.28723,-0.34699,
1777761538,-0.03544,-0.20621,-0.23021,0.79338,-0.60869,-0.00693,0.00114,0.01977,-0.13432,-0.37975,
1777761538,-0.00367,-0.17894,-0.24483,0.79176,-0.61080,-0.00602,0.00216,0.06477,-0.07338,-0.37952,
1777761539,-0.00607,-0.18221,-0.25582,0.78994,-0.61314,-0.00594,0.00366,0.05341,-0.04297,-0.38734,
1777761539,0.00327,-0.19707,-0.25324,0.78928,-0.61398,-0.00708,0.00316,0.06623,-0.04145,-0.37252,
1777761539,0.00943,-0.20842,-0.27713,0.78751,-0.61624,-0.00866,0.00150,0.08498,-0.00889,-0.37704,
1777761539,0.01363,-0.21143,-0.28460,0.78714,-0.61672,-0.00824,0.00125,0.08533,0.00298,-0.38353,
1777761539,0.00193,-0.21203,-0.29683,0.78612,-0.61802,-0.00817,0.00008,0.07318,0.05599,-0.38706,
1777761539,0.00942,-0.21410,-0.30736,0.78583,-0.61841,-0.00697,-0.00107,0.08349,0.06584,-0.39223,
1777761539,-0.00479,-0.22160,-0.32129,0.78466,-0.61991,-0.00532,-0.00112,0.07786,0.09037,-0.39699,
1777761539,0.00364,-0.22732,-0.33010,0.78397,-0.62078,-0.00369,-0.00215,0.08858,0.09439,-0.40311,
1777761539,-0.02317,-0.25975,-0.35461,0.78145,-0.62395,-0.00291,-0.00141,0.08233,0.11059,-0.42761,
1777761539,-0.01790,-0.27033,-0.36335,0.78029,-0.62541,-0.00224,-0.00179,0.08439,0.11624,-0.43637,
1777761539,-0.03851,-0.28507,-0.37182,0.77911,-0.62688,-0.00175,-0.00175,0.07792,0.16580,-0.41465,
1777761539,-0.03931,-0.28525,-0.37556,0.77850,-0.62764,-0.00128,-0.00229,0.07516,0.18698,-0.40880,
1777761539,-0.06197,-0.28422,-0.37230,0.77776,-0.62856,-0.00018,-0.00218,0.06811,0.23983,-0.39362,
1777761539,-0.06755,-0.27982,-0.37273,0.77746,-0.62892,0.00037,-0.00283,0.06278,0.26608,-0.38287,
1777761539,-0.08883,-0.27570,-0.36864,0.77663,-0.62994,0.00144,-0.00261,0.06050,0.31855,-0.36805,
1777761539,-0.09485,-0.26978,-0.37061,0.77638,-0.63025,0.00190,-0.00348,0.05509,0.34064,-0.36070,
1777761539,-0.10182,-0.26513,-0.37067,0.77570,-0.63109,0.00278,-0.00318,0.06654,0.38998,-0.35103,
1777761539,-0.11388,-0.25692,-0.37202,0.77546,-0.63137,0.00331,-0.00411,0.05424,0.41050,-0.34295,
1777761539,-0.12053,-0.25936,-0.37371,0.77471,-0.63229,0.00416,-0.00315,0.07022,0.45467,-0.33510,
1777761539,-0.13997,-0.24906,-0.37379,0.77456,-0.63247,0.00472,-0.00442,0.05196,0.47564,-0.32545,
1777761540,-0.14213,-0.25385,-0.37911,0.77391,-0.63326,0.00547,-0.00329,0.07289,0.51623,-0.32131,
1777761540,-0.16758,-0.23970,-0.37891,0.77380,-0.63338,0.00618,-0.00477,0.05259,0.53904,-0.31143,
1777761540,-0.16142,-0.24557,-0.38401,0.77346,-0.63380,0.00686,-0.00362,0.07840,0.57584,-0.30754,
1777761540,-0.19104,-0.22325,-0.38428,0.77341,-0.63383,0.00782,-0.00550,0.05480,0.60299,-0.29790,
1777761540,-0.17705,-0.23116,-0.39119,0.77296,-0.63439,0.00844,-0.00417,0.08516,0.63995,-0.29683,
1777761540,-0.20778,-0.20515,-0.39039,0.77292,-0.63440,0.00948,-0.00619,0.06210,0.66625,-0.28639,
1777761540,-0.17905,-0.21836,-0.39877,0.77241,-0.63504,0.00987,-0.00432,0.10568,0.70069,-0.28610,
1777761540,-0.21503,-0.18518,-0.39608,0.77262,-0.63474,0.01099,-0.00692,0.07372,0.72199,-0.27365,
1777761540,-0.17619,-0.20196,-0.40303,0.77206,-0.63543,0.01118,-0.00465,0.12324,0.75845,-0.27394,
1777761540,-0.21198,-0.16665,-0.39791,0.77239,-0.63499,0.01240,-0.00726,0.09408,0.77868,-0.25996,
1777761540,-0.16674,-0.18470,-0.40235,0.77196,-0.63554,0.01243,-0.00482,0.14692,0.81636,-0.25737,
1777761540,-0.20056,-0.14966,-0.39398,0.77243,-0.63491,0.01364,-0.00734,0.12001,0.83291,-0.24153,
1777761540,-0.15867,-0.16842,-0.39660,0.77185,-0.63564,0.01356,-0.00477,0.17203,0.86924,-0.23880,
1777761540,-0.19150,-0.13152,-0.38665,0.77236,-0.63497,0.01487,-0.00740,0.14568,0.88349,-0.22253,
1777761540,-0.15407,-0.15363,-0.39085,0.77176,-0.63573,0.01459,-0.00470,0.19156,0.91861,-0.22252,
1777761540,-0.17885,-0.12050,-0.37901,0.77222,-0.63511,0.01584,-0.00694,0.17407,0.93369,-0.20503,
1777761540,-0.12585,-0.06658,-0.36633,0.77266,-0.63456,0.01712,-0.00709,0.20954,0.97197,-0.18776,
1777761540,-0.10122,-0.04737,-0.36274,0.77223,-0.63504,0.01847,-0.00665,0.24273,1.00464,-0.18805,
1777761540,-0.06163,-0.02025,-0.37565,0.77163,-0.63578,0.01893,-0.00476,0.28633,1.05867,-0.19467,
1777761540,-0.07594,0.03716,-0.38414,0.77077,-0.63675,0.02091,-0.00477,0.30175,1.11823,-0.20345,
1777761541,-0.07376,0.13698,-0.39877,0.76950,-0.63818,0.02368,-0.00535,0.33592,1.21475,-0.21418,
1777761541,-0.06213,0.18300,-0.40304,0.76902,-0.63872,0.02484,-0.00538,0.35628,1.25857,-0.21717,
1777761541,-0.04524,0.26440,-0.42670,0.76801,-0.63988,0.02619,-0.00511,0.38652,1.34436,-0.23036,
1777761541,-0.01882,0.30910,-0.42578,0.76766,-0.64025,0.02752,-0.00478,0.41981,1.38465,-0.23112,
1777761541,-0.00223,0.40299,-0.44899,0.76661,-0.64145,0.02882,-0.00493,0.45015,1.47637,-0.24314,
1777761541,0.03967,0.44607,-0.44442,0.76628,-0.64178,0.03029,-0.00428,0.49608,1.51620,-0.24323,
1777761541,0.05130,0.55474,-0.46991,0.76518,-0.64302,0.03179,-0.00449,0.52290,1.61388,-0.25664,
1777761541,0.11302,0.59563,-0.46179,0.76489,-0.64328,0.03341,-0.00344,0.58438,1.65096,-0.25653,
1777761541,0.12048,0.71992,-0.48766,0.76373,-0.64458,0.03495,-0.00388,0.60918,1.75541,-0.26997,
1777761541,0.19748,0.75920,-0.47730,0.76346,-0.64481,0.03661,-0.00254,0.68057,1.79061,-0.26948,
1777761541,0.20493,0.89937,-0.50388,0.76226,-0.64613,0.03823,-0.00320,0.70443,1.90113,-0.28292,
1777761541,0.29804,0.94539,-0.49266,0.76196,-0.64639,0.03999,-0.00163,0.78743,1.94206,-0.28257,
1777761541,0.31382,1.09030,-0.51422,0.76086,-0.64756,0.04174,-0.00224,0.81909,2.05193,-0.29437,
1777761541,0.41764,1.13796,-0.50289,0.76071,-0.64764,0.04344,-0.00056,0.90709,2.09121,-0.29531,
1777761541,0.41498,1.31480,-0.53775,0.75944,-0.64901,0.04510,-0.00192,0.92319,2.21735,-0.31181,
1777761541,0.54040,1.34991,-0.52405,0.75932,-0.64903,0.04673,0.00008,1.02128,2.24590,-0.31157,
1777761541,0.54856,1.54786,-0.54751,0.75793,-0.65049,0.04904,-0.00127,1.05471,2.37923,-0.32508,
1777761541,0.68535,1.58035,-0.53572,0.75781,-0.65054,0.05026,0.00099,1.15325,2.40958,-0.32544,
1777761541,0.69320,1.78890,-0.56616,0.75638,-0.65205,0.05211,-0.00035,1.17897,2.54622,-0.34168,
1777761541,0.83908,1.82441,-0.55597,0.75638,-0.65193,0.05359,0.00174,1.28142,2.57049,-0.34378,
1777761542,0.85893,2.05080,-0.58095,0.75488,-0.65349,0.05571,0.00040,1.31817,2.71448,-0.35930,
1777761542,1.00261,2.09308,-0.57291,0.75490,-0.65334,0.05719,0.00228,1.41695,2.74095,-0.36091,
1777761542,1.02986,2.33583,-0.60054,0.75334,-0.65494,0.05936,0.00088,1.45802,2.89058,-0.37772,
1777761542,1.16901,2.38752,-0.59498,0.75334,-0.65480,0.06088,0.00246,1.55264,2.91877,-0.38062,
1777761542,1.18969,2.65056,-0.63228,0.75170,-0.65649,0.06291,0.00081,1.58600,3.07972,-0.40180,
1777761542,1.33064,2.72444,-0.62925,0.75162,-0.65641,0.06467,0.00211,1.68252,3.11771,-0.40664,
1777761542,1.40103,2.97117,-0.65312,0.75023,-0.65778,0.06688,0.00128,1.74701,3.26272,-0.42303,
1777761542,1.52437,3.06375,-0.65595,0.75004,-0.65782,0.06861,0.00212,1.83285,3.30966,-0.42955,
1777761542,1.59646,3.32516,-0.68716,0.74862,-0.65922,0.07064,0.00121,1.89559,3.46026,-0.44905,
1777761542,1.70893,3.43098,-0.69515,0.74838,-0.65930,0.07245,0.00170,1.97480,3.51125,-0.45765,
1777761542,1.77869,3.72785,-0.73983,0.74681,-0.66086,0.07441,0.00053,2.03099,3.67916,-0.48253,
1777761542,1.88069,3.82872,-0.74945,0.74660,-0.66088,0.07625,0.00079,2.10513,3.72779,-0.49112,
1777761542,1.96298,4.13866,-0.79735,0.74507,-0.66238,0.07818,-0.00029,2.16867,3.89602,-0.51903,
1777761542,2.05986,4.25148,-0.80993,0.74483,-0.66245,0.07986,-0.00029,2.23639,3.94801,-0.52856,
1777761542,2.16064,4.56801,-0.85965,0.74340,-0.66388,0.08139,-0.00099,2.30181,4.11811,-0.55598,
1777761542,2.26023,4.68763,-0.87361,0.74308,-0.66403,0.08309,-0.00072,2.37329,4.17490,-0.56729,
1777761542,2.38228,5.01501,-0.92233,0.74170,-0.66535,0.08483,-0.00126,2.45113,4.34258,-0.59485,
1777761542,2.48064,5.14433,-0.93901,0.74138,-0.66549,0.08648,-0.00117,2.51965,4.40220,-0.60640,
1777761542,2.61634,5.48270,-0.99048,0.74004,-0.66676,0.08820,-0.00160,2.60328,4.57085,-0.63528,
1777761542,2.72581,5.64142,-1.01167,0.73961,-0.66702,0.08977,-0.00149,2.67585,4.64553,-0.64922,
1777761543,2.86728,5.97440,-1.06123,0.73837,-0.66818,0.09129,-0.00173,2.75938,4.80820,-0.67771,
1777761543,2.97858,6.14373,-1.08396,0.73791,-0.66849,0.09279,-0.00165,2.83012,4.88446,-0.69265,
1777761543,3.13727,6.48727,-1.13339,0.73672,-0.66959,0.09427,-0.00185,2.91783,5.04581,-0.72158,
1777761543,3.24857,6.66833,-1.15819,0.73625,-0.66993,0.09556,-0.00174,2.98547,5.12792,-0.73635,
1777761543,3.42557,7.04832,-1.21434,0.73497,-0.67111,0.09714,-0.00187,3.08164,5.30238,-0.76735,
1777761543,3.53051,7.21499,-1.23879,0.73456,-0.67137,0.09839,-0.00184,3.14482,5.37421,-0.78192,
1777761543,3.71147,7.61118,-1.30298,0.73330,-0.67251,0.10000,-0.00212,3.24097,5.55118,-0.81553,
1777761543,3.81983,7.78714,-1.32970,0.73287,-0.67279,0.10121,-0.00211,3.30406,5.62561,-0.83170,
1777761543,4.01307,8.19914,-1.39828,0.73161,-0.67391,0.10283,-0.00238,3.40467,5.80493,-0.86687,
1777761543,4.12242,8.38339,-1.42690,0.73118,-0.67421,0.10397,-0.00239,3.46592,5.88090,-0.88264,
1777761543,4.32720,8.81023,-1.49974,0.72993,-0.67532,0.10558,-0.00263,3.56983,6.06143,-0.91965,
1777761543,4.44548,9.00232,-1.53048,0.72950,-0.67561,0.10669,-0.00262,3.63390,6.13902,-0.93657,
1777761543,4.67573,9.44063,-1.60519,0.72830,-0.67663,0.10838,-0.00280,3.74679,6.31707,-0.97461,
1777761543,4.82378,9.66235,-1.64097,0.72785,-0.67689,0.10976,-0.00295,3.82266,6.40205,-0.99358,
1777761543,5.09228,10.07368,-1.70634,0.72686,-0.67764,0.11166,-0.00290,3.95451,6.56191,-1.02825,
1777761543,5.26992,10.29360,-1.74147,0.72647,-0.67783,0.11304,-0.00277,4.04364,6.64088,-1.04791,
1777761543,5.54667,10.72407,-1.80452,0.72547,-0.67859,0.11494,-0.00285,4.17690,6.80274,-1.08207,
1777761543,5.70691,10.96218,-1.84243,0.72498,-0.67883,0.11651,-0.00319,4.25946,6.88782,-1.10234,
1777761543,5.99138,11.44988,-1.92060,0.72375,-0.67982,0.11839,-0.00336,4.39353,7.07539,-1.14294,
1777761543,6.13058,11.67621,-1.95768,0.72327,-0.68017,0.11933,-0.00337,4.45907,7.16104,-1.16234,
1777761544,6.44417,12.17631,-2.04461,0.72206,-0.68112,0.12121,-0.00342,4.60081,7.34864,-1.20498,
1777761544,6.59519,12.40908,-2.08362,0.72159,-0.68145,0.12214,-0.00344,4.66874,7.43431,-1.22452,
1777761544,6.91571,12.93740,-2.17570,0.72031,-0.68245,0.12414,-0.00349,4.81534,7.62856,-1.27013,
1777761544,7.07719,13.17916,-2.21754,0.71983,-0.68275,0.12526,-0.00351,4.89177,7.71406,-1.29139,
1777761544,7.40090,13.73015,-2.31629,0.71849,-0.68381,0.12714,-0.00367,5.03607,7.91354,-1.33948,
1777761544,7.56641,13.98307,-2.36069,0.71800,-0.68412,0.12823,-0.00370,5.11182,8.00143,-1.36155,
1777761544,7.90460,14.55570,-2.46280,0.71666,-0.68518,0.13002,-0.00386,5.25567,8.20445,-1.41086,
1777761544,8.05323,14.83040,-2.50926,0.71611,-0.68561,0.13079,-0.00403,5.31624,8.30172,-1.43240,
1777761544,8.37481,15.43577,-2.61704,0.71472,-0.68679,0.13224,-0.00430,5.44503,8.51460,-1.48328,
1777761544,8.56056,15.75016,-2.67307,0.71409,-0.68724,0.13328,-0.00438,5.52352,8.62248,-1.50951,
1777761544,8.89886,16.32971,-2.78350,0.71279,-0.68825,0.13500,-0.00453,5.66368,8.82072,-1.56161,
1777761544,9.10231,16.64798,-2.84180,0.71217,-0.68867,0.13612,-0.00454,5.75047,8.92713,-1.58970,
1777761544,9.47902,17.28443,-2.95934,0.71077,-0.68976,0.13789,-0.00468,5.90268,9.13992,-1.64395,
1777761544,9.63615,17.59564,-3.01303,0.71014,-0.69028,0.13852,-0.00486,5.96058,9.24511,-1.66774,
1777761544,10.01782,18.26026,-3.13972,0.70869,-0.69142,0.14028,-0.00509,6.11086,9.46574,-1.72390,
1777761544,10.20947,18.56530,-3.19671,0.70810,-0.69181,0.14131,-0.00518,6.18830,9.56360,-1.74979,
1777761544,10.62697,19.23738,-3.33042,0.70668,-0.69287,0.14323,-0.00531,6.35175,9.77939,-1.80928,
1777761544,10.82107,19.55914,-3.39004,0.70606,-0.69331,0.14411,-0.00541,6.42585,9.88105,-1.83608,
1777761544,11.23763,20.26826,-3.52618,0.70456,-0.69447,0.14586,-0.00561,6.58389,10.10713,-1.89569,
1777761544,11.44082,20.59302,-3.58754,0.70395,-0.69488,0.14683,-0.00567,6.66282,10.20793,-1.92375,
1777761545,11.88037,21.31938,-3.72625,0.70247,-0.69600,0.14860,-0.00584,6.82503,10.43542,-1.98401,
1777761545,12.07686,21.66619,-3.79069,0.70180,-0.69651,0.14941,-0.00599,6.89492,10.54304,-2.01195,
1777761545,12.54821,22.40576,-3.93628,0.70033,-0.69758,0.15128,-0.00609,7.06761,10.76724,-2.07592,
1777761545,12.84008,22.77698,-4.01068,0.69971,-0.69796,0.15237,-0.00591,7.17170,10.87509,-2.10819,
1777761545,13.38771,23.44659,-4.13203,0.69856,-0.69869,0.15433,-0.00557,7.36819,11.06561,-2.16403,
1777761545,13.72480,23.80916,-4.20242,0.69801,-0.69905,0.15520,-0.00499,7.48138,11.16505,-2.19630,
1777761545,14.35479,24.47770,-4.29258,0.69699,-0.69968,0.15695,-0.00409,7.69511,11.34632,-2.24394,
1777761545,14.73185,24.83117,-4.35601,0.69651,-0.70000,0.15767,-0.00296,7.81846,11.44145,-2.27490,
1777761545,15.39212,25.58972,-4.41449,0.69534,-0.70082,0.15922,-0.00216,8.03060,11.64692,-2.31499,
1777761545,15.69405,25.93310,-4.47305,0.69468,-0.70133,0.15988,-0.00150,8.12711,11.74236,-2.34273,
1777761545,16.38045,26.70144,-4.54440,0.69341,-0.70218,0.16161,-0.00069,8.34708,11.94560,-2.38794,
1777761545,16.68918,27.05664,-4.60837,0.69283,-0.70253,0.16262,-0.00034,8.45034,12.04106,-2.41860,
1777761545,17.38132,27.84745,-4.70560,0.69167,-0.70326,0.16440,0.00036,8.67248,12.25030,-2.47098,
1777761545,17.68273,28.22157,-4.77460,0.69109,-0.70363,0.16522,0.00080,8.76879,12.35328,-2.50176,
1777761545,18.36075,29.05168,-4.89429,0.68991,-0.70430,0.16731,0.00096,8.98875,12.57285,-2.56008,
1777761545,18.67940,29.43053,-4.96830,0.68944,-0.70448,0.16848,0.00102,9.09440,12.67143,-2.59232,
1777761545,19.37204,30.28578,-5.10156,0.68815,-0.70523,0.17059,0.00111,9.31569,12.89238,-2.65444,
1777761545,19.73790,30.73001,-5.18972,0.68752,-0.70553,0.17185,0.00117,9.43518,13.00539,-2.69263,
1777761545,20.39153,31.56264,-5.33775,0.68629,-0.70626,0.17376,0.00124,9.64069,13.22112,-2.75738,
1777761546,20.75722,32.02540,-5.43206,0.68565,-0.70660,0.17491,0.00130,9.75658,13.33987,-2.79749,
1777761546,21.42011,32.88327,-5.59219,0.68441,-0.70735,0.17676,0.00136,9.96099,13.55927,-2.86612,
1777761546,21.79607,33.36331,-5.69055,0.68378,-0.70768,0.17787,0.00143,10.07826,13.68091,-2.90686,
1777761546,22.52170,34.30135,-5.86842,0.68245,-0.70847,0.17980,0.00149,10.29894,13.91973,-2.98230,
1777761546,22.86939,34.74056,-5.96149,0.68189,-0.70875,0.18080,0.00155,10.40530,14.02923,-3.02053,
1777761546,23.60761,35.70200,-6.15200,0.68056,-0.70955,0.18269,0.00160,10.62662,14.26901,-3.09946,
1777761546,23.96095,36.15350,-6.24938,0.68001,-0.70983,0.18366,0.00166,10.73307,14.37972,-3.13886,
1777761546,24.72172,37.14823,-6.45285,0.67865,-0.71064,0.18552,0.00170,10.95736,14.62422,-3.22148,
1777761546,25.07956,37.60787,-6.55339,0.67811,-0.71091,0.18646,0.00176,11.06306,14.73530,-3.26091,
1777761546,25.86040,38.62717,-6.76542,0.67676,-0.71172,0.18831,0.00181,11.28971,14.98323,-3.34581,
1777761546,26.22890,39.09920,-6.87038,0.67621,-0.71199,0.18923,0.00186,11.39750,15.09617,-3.38722,
1777761546,27.02776,40.14292,-7.09436,0.67484,-0.71280,0.19106,0.00190,11.62618,15.34625,-3.47491,
1777761546,27.45318,40.69226,-7.21790,0.67420,-0.71314,0.19207,0.00194,11.74765,15.47632,-3.52296,
1777761546,28.22327,41.69762,-7.43911,0.67292,-0.71388,0.19377,0.00198,11.96474,15.71606,-3.60706,
1777761546,28.65831,42.26197,-7.56745,0.67227,-0.71422,0.19476,0.00203,12.08652,15.84835,-3.65451,
1777761546,29.45168,43.29403,-7.79712,0.67098,-0.71497,0.19646,0.00206,12.30731,16.08949,-3.74109,
1777761546,29.89816,43.87026,-7.92969,0.67034,-0.71530,0.19744,0.00211,12.43083,16.22124,-3.79063,
1777761546,30.76751,44.99338,-8.18157,0.66895,-0.71610,0.19924,0.00215,12.66735,16.48012,-3.88445,
1777761546,31.17947,45.51869,-8.30479,0.66839,-0.71638,0.20013,0.00219,12.78051,16.60005,-3.93001,
1777761546,32.06848,46.66379,-8.56664,0.66700,-0.71717,0.20191,0.00222,13.02004,16.86060,-4.02721,
1777761547,32.48949,47.20071,-8.69430,0.66644,-0.71745,0.20279,0.00227,13.13295,16.98043,-4.07267,
1777761547,33.40296,48.37478,-8.96775,0.66504,-0.71824,0.20456,0.00230,13.37644,17.24438,-4.17226,
1777761547,33.83378,48.92427,-9.09991,0.66447,-0.71852,0.20543,0.00234,13.49045,17.36683,-4.22011,
1777761547,34.77032,50.12365,-9.38341,0.66306,-0.71931,0.20719,0.00236,13.73681,17.63239,-4.32194,
1777761547,35.21194,50.68516,-9.52020,0.66249,-0.71960,0.20805,0.00240,13.85243,17.75591,-4.37057,
1777761547,36.17379,51.91111,-9.81337,0.66108,-0.72038,0.20981,0.00243,14.10258,18.02291,-4.47498,
1777761547,36.62944,52.48790,-9.95589,0.66050,-0.72066,0.21067,0.00247,14.21864,18.14763,-4.52513,
1777761547,37.61435,53.73935,-10.26018,0.65908,-0.72145,0.21242,0.00249,14.46924,18.41652,-4.63183,
1777761547,38.13880,54.40297,-10.42615,0.65840,-0.72178,0.21337,0.00252,14.60235,18.55878,-4.68965,
1777761547,39.09062,55.60927,-10.72459,0.65707,-0.72251,0.21502,0.00255,14.84298,18.81452,-4.79379,
1777761547,39.62718,56.28769,-10.89592,0.65639,-0.72285,0.21596,0.00258,14.97776,18.95909,-4.85262,
1777761547,40.66173,57.59070,-11.22090,0.65496,-0.72362,0.21770,0.00260,15.23522,19.23252,-4.96417,
1777761547,41.15523,58.20914,-11.37969,0.65436,-0.72391,0.21855,0.00263,15.35820,19.36195,-5.01823,
1777761547,42.21731,59.54201,-11.71728,0.65292,-0.72468,0.22029,0.00265,15.61917,19.63818,-5.13235,
1777761547,42.72051,60.17174,-11.88096,0.65232,-0.72496,0.22113,0.00268,15.74253,19.76747,-5.18737,
1777761547,43.81098,61.53580,-12.23116,0.65087,-0.72573,0.22286,0.00270,16.00892,20.04883,-5.30432,
1777761547,44.32459,62.17680,-12.39977,0.65027,-0.72602,0.22369,0.00273,16.13315,20.17798,-5.36051,
1777761547,45.44138,63.56710,-12.76078,0.64882,-0.72678,0.22542,0.00275,16.40082,20.45806,-5.48043,
1777761547,45.96906,64.22196,-12.93529,0.64821,-0.72707,0.22626,0.00278,16.52590,20.58890,-5.53741,
1777761547,47.11298,65.64074,-13.30870,0.64674,-0.72783,0.22798,0.00279,16.79748,20.87223,-5.65956,
1777761548,47.65041,66.30612,-13.48835,0.64613,-0.72812,0.22881,0.00282,16.92495,21.00400,-5.71808,
1777761548,48.82668,67.76097,-13.87683,0.64465,-0.72888,0.23053,0.00283,17.20203,21.29237,-5.84439,
1777761548,49.44198,68.52139,-14.08448,0.64394,-0.72922,0.23145,0.00285,17.34524,21.44225,-5.91082,
1777761548,50.56935,69.91179,-14.46070,0.64256,-0.72992,0.23306,0.00287,17.60643,21.71295,-6.03155,
1777761548,51.20422,70.69457,-14.67647,0.64185,-0.73026,0.23398,0.00289,17.75273,21.86354,-6.10012,
1777761548,52.36493,72.11823,-15.06545,0.64045,-0.73096,0.23560,0.00290,18.01943,22.13789,-6.22361,
1777761548,53.00974,72.90907,-15.28650,0.63974,-0.73129,0.23650,0.00293,18.16600,22.28894,-6.29302,
1777761548,54.26504,74.44373,-15.71191,0.63824,-0.73205,0.23821,0.00294,18.44942,22.58133,-6.42604,
1777761548,54.85725,75.16782,-15.91698,0.63761,-0.73233,0.23903,0.00296,18.58237,22.71939,-6.48922,
1777761548,56.14310,76.73500,-16.35698,0.63610,-0.73309,0.24073,0.00296,18.86929,23.01358,-6.62619,
1777761548,56.74321,77.46702,-16.56664,0.63547,-0.73337,0.24154,0.00298,19.00206,23.15049,-6.69083,
1777761548,58.05680,79.06058,-17.01831,0.63396,-0.73411,0.24324,0.00299,19.29329,23.44589,-6.82974,
1777761548,58.67635,79.81221,-17.23628,0.63332,-0.73440,0.24405,0.00301,19.42977,23.58426,-6.89622,
1777761548,60.01783,81.43628,-17.70388,0.63180,-0.73514,0.24574,0.00301,19.72350,23.88240,-7.03791,
1777761548,60.64514,82.19746,-17.92701,0.63115,-0.73543,0.24654,0.00303,19.85933,24.02211,-7.10557,
1777761548,62.01865,83.85542,-18.41001,0.62962,-0.73617,0.24823,0.00304,20.15693,24.32380,-7.25096,
1777761548,62.74198,84.72971,-18.66909,0.62887,-0.73651,0.24913,0.00305,20.31244,24.48116,-7.32826,
1777761548,64.05973,86.31507,-19.13652,0.62744,-0.73719,0.25072,0.00306,20.59360,24.76602,-7.46685,
1777761548,64.80183,87.20919,-19.40430,0.62668,-0.73753,0.25161,0.00307,20.75078,24.92586,-7.54579,
1777761548,66.14364,88.81939,-19.88532,0.62524,-0.73821,0.25319,0.00307,21.03528,25.21191,-7.68825,
1777761549,66.90202,89.73155,-20.16194,0.62447,-0.73856,0.25409,0.00308,21.19415,25.37426,-7.76870,
1777761549,68.36565,91.48100,-20.69026,0.62291,-0.73929,0.25577,0.00308,21.50027,25.68143,-7.92231,
1777761549,69.04791,92.29884,-20.94112,0.62225,-0.73958,0.25656,0.00310,21.64220,25.82368,-7.99496,
1777761549,70.54222,94.07646,-21.48298,0.62069,-0.74031,0.25824,0.00310,21.95005,26.13059,-8.15025,
1777761549,71.24237,94.91087,-21.74203,0.62001,-0.74060,0.25903,0.00311,22.09462,26.27365,-8.22530,
1777761549,72.76694,96.71828,-22.29968,0.61844,-0.74132,0.26070,0.00311,22.40778,26.58378,-8.38530,
1777761549,73.48347,97.56970,-22.56704,0.61776,-0.74161,0.26149,0.00312,22.55308,26.72859,-8.46158,
1777761549,75.03606,99.40644,-23.14126,0.61618,-0.74233,0.26316,0.00311,22.86604,27.03909,-8.62361,
1777761549,75.76623,100.27310,-23.41640,0.61549,-0.74262,0.26395,0.00312,23.01259,27.18481,-8.70085,
1777761549,77.35336,102.14585,-24.00874,0.61390,-0.74335,0.26562,0.00311,23.33109,27.49953,-8.86589,
1777761549,78.18756,103.13304,-24.32544,0.61312,-0.74368,0.26649,0.00312,23.49702,27.66398,-8.95381,
1777761549,79.71198,104.92786,-24.89988,0.61162,-0.74435,0.26806,0.00311,23.79802,27.96173,-9.11295,
1777761549,80.56321,105.93308,-25.22537,0.61083,-0.74469,0.26893,0.00312,23.96496,28.12843,-9.20305,
1777761549,82.11024,107.75043,-25.81402,0.60932,-0.74535,0.27049,0.00311,24.27051,28.42750,-9.36405,
1777761549,82.98372,108.77985,-26.15121,0.60851,-0.74570,0.27137,0.00312,24.44071,28.59702,-9.45506,
1777761549,84.67411,110.75566,-26.79697,0.60689,-0.74641,0.27303,0.00311,24.76775,28.91775,-9.63114,
1777761549,85.45590,111.66947,-27.10147,0.60609,-0.74678,0.27379,0.00308,24.91825,29.06592,-9.71286,
1777761549,87.17477,113.66905,-27.76308,0.60447,-0.74748,0.27546,0.00305,25.24954,29.38649,-9.89114,
1777761549,87.97772,114.60472,-28.07816,0.60366,-0.74785,0.27622,0.00302,25.40210,29.53668,-9.97522,
1777761549,89.72602,116.63328,-28.75726,0.60204,-0.74855,0.27788,0.00300,25.73497,29.85666,-10.15674,
1777761550,90.54747,117.58790,-29.08210,0.60122,-0.74892,0.27865,0.00296,25.89059,30.00751,-10.24272,
1777761550,92.32924,119.64909,-29.77951,0.59959,-0.74961,0.28031,0.00294,26.22678,30.32966,-10.42649,
1777761550,93.16392,120.61633,-30.11206,0.59877,-0.74997,0.28107,0.00290,26.38302,30.48189,-10.51200,
1777761550,94.98540,122.71677,-30.82969,0.59713,-0.75066,0.28273,0.00287,26.72476,30.80893,-10.69980,
1777761550,95.83305,123.69603,-31.16983,0.59631,-0.75102,0.28349,0.00284,26.88193,30.95974,-10.78797,
1777761550,97.67808,125.81897,-31.90395,0.59467,-0.75171,0.28513,0.00281,27.22342,31.28481,-10.97901,
1777761550,98.65963,126.95019,-32.30096,0.59374,-0.75211,0.28600,0.00277,27.40277,31.45882,-11.08124,
1777761550,100.43086,128.98536,-33.01258,0.59218,-0.75275,0.28754,0.00274,27.72787,31.76852,-11.26477,
1777761550,101.42404,130.12731,-33.41737,0.59125,-0.75315,0.28840,0.00271,27.90817,31.94083,-11.36779,
1777761550,103.34513,132.32571,-34.19287,0.58959,-0.75383,0.29003,0.00267,28.25670,32.27077,-11.56600,
1777761550,104.24244,133.35410,-34.56128,0.58876,-0.75418,0.29079,0.00264,28.41812,32.42501,-11.65801,
1777761550,106.19369,135.58169,-35.35743,0.58707,-0.75487,0.29242,0.00260,28.76809,32.75569,-11.85861,
1777761550,107.11030,136.63016,-35.73670,0.58624,-0.75522,0.29318,0.00256,28.93185,32.91068,-11.95343,
1777761550,109.10089,138.89707,-36.55414,0.58456,-0.75589,0.29481,0.00252,29.28766,33.24496,-12.15795,
1777761550,110.02998,139.95669,-36.94130,0.58373,-0.75624,0.29557,0.00249,29.45217,33.40106,-12.25381,
1777761550,112.04447,142.24442,-37.77475,0.58205,-0.75690,0.29719,0.00245,29.80795,33.73555,-12.46048,
1777761550,115.37090,141.42433,-38.17480,0.62123,-0.72297,0.29790,-0.05151,30.52973,33.37543,-12.54638,
1777761550,120.28226,141.33845,-39.03124,0.65357,-0.70944,0.25867,-0.05125,31.49443,33.02197,-12.67952,
1777761555,-0.01059,0.04489,-0.04219,0.77945,-0.62628,-0.01543,0.00146,-0.33896,-0.17117,0.14483,
1777761555,0.01252,0.01568,-0.01881,0.78001,-0.62535,-0.02279,-0.00264,-0.42263,-0.06546,0.26938,
1777761555,0.01624,0.02609,0.01541,0.77496,-0.63130,-0.02874,-0.00778,-0.50575,0.32919,0.39805,
1777761556,-0.10654,0.17333,0.11158,0.76844,-0.63840,-0.03713,-0.02391,-0.78499,0.62945,0.53534,
1777761556,-0.12088,0.23267,0.15920,0.76628,-0.64066,-0.03795,-0.03046,-0.79466,0.76011,0.63455,
1777761556,-0.18409,0.33041,0.23226,0.76281,-0.64469,-0.03451,-0.03616,-0.89896,0.87368,0.76557,
1777761556,-0.19932,0.37452,0.26843,0.76082,-0.64708,-0.03119,-0.03818,-0.92094,0.90900,0.82486,
1777761556,-0.26675,0.48419,0.35367,0.75455,-0.65423,-0.02735,-0.04346,-1.00922,1.04486,0.87506,
1777761556,-0.16895,0.60259,0.38309,0.74642,-0.66345,-0.02607,-0.04483,-0.93657,1.25623,0.89664,
1777761556,-0.28634,0.87966,0.45534,0.73357,-0.67710,-0.02725,-0.05156,-1.08808,1.55061,0.96016,
1777761556,-0.28876,0.97274,0.50039,0.73441,-0.67638,-0.02609,-0.04982,-1.05324,1.63379,0.97354,
1777761556,-0.42239,1.18245,0.60265,0.73594,-0.67475,-0.02641,-0.04905,-1.19903,1.79427,1.00922,
1777761556,-0.45813,1.25655,0.65405,0.73567,-0.67497,-0.02710,-0.04978,-1.21800,1.82650,1.02910,
1777761556,-0.54604,1.44130,0.76251,0.73358,-0.67687,-0.02942,-0.05322,-1.27681,1.91094,1.08643,
1777761556,-0.58081,1.51300,0.81362,0.73299,-0.67732,-0.02984,-0.05548,-1.30045,1.92063,1.11214,
1777761556,-0.64660,1.69267,0.93533,0.73310,-0.67688,-0.03155,-0.05837,-1.33279,1.97334,1.18222,
1777761556,-0.71176,1.74981,0.98369,0.73393,-0.67579,-0.03253,-0.05996,-1.39611,1.96797,1.20687,
1777761556,-0.89085,1.85976,1.10769,0.73564,-0.67353,-0.03460,-0.06320,-1.54484,1.94090,1.28475,
1777761556,-0.98048,1.88757,1.14980,0.73681,-0.67198,-0.03614,-0.06520,-1.62550,1.90930,1.31306,
1777761556,-1.04740,2.03636,1.28572,0.73839,-0.66994,-0.03767,-0.06733,-1.64432,1.93745,1.39388,
1777761556,-1.13431,2.08654,1.34226,0.73916,-0.66899,-0.03889,-0.06763,-1.71066,1.92254,1.42632,
1777761556,-1.16575,2.25818,1.47523,0.73954,-0.66855,-0.04007,-0.06725,-1.69933,1.98517,1.48936,
1777761556,-1.20167,2.34691,1.53804,0.73993,-0.66803,-0.04106,-0.06750,-1.71074,2.00915,1.51304,
1777761557,-1.27637,2.51566,1.66447,0.74034,-0.66752,-0.04201,-0.06742,-1.73281,2.05358,1.57120,
1777761557,-1.31120,2.60698,1.72973,0.74067,-0.66726,-0.04186,-0.06648,-1.74124,2.08241,1.59190,
1777761557,-1.43638,2.77952,1.86330,0.74163,-0.66626,-0.04215,-0.06562,-1.80413,2.11000,1.64384,
1777761557,-1.47740,2.85570,1.92045,0.74259,-0.66517,-0.04271,-0.06544,-1.81885,2.13327,1.65853,
1777761557,-1.61777,3.02335,2.05342,0.74318,-0.66445,-0.04375,-0.06542,-1.89073,2.15936,1.70934,
1777761557,-1.67476,3.08991,2.10857,0.74318,-0.66441,-0.04423,-0.06547,-1.92255,2.17216,1.71886,
1777761557,-1.82431,3.24892,2.24372,0.74369,-0.66363,-0.04587,-0.06642,-1.99431,2.18103,1.76844,
1777761557,-1.90476,3.30653,2.30022,0.74430,-0.66283,-0.04685,-0.06691,-2.03693,2.18265,1.78583,
1777761557,-2.06464,3.45752,2.44162,0.74531,-0.66151,-0.04849,-0.06754,-2.11405,2.18676,1.83361,
1777761557,-2.21640,3.47129,2.49950,0.74623,-0.66037,-0.04943,-0.06788,-2.20572,2.14163,1.85190,
1777761557,-2.59841,3.45817,2.64674,0.74827,-0.65763,-0.05272,-0.06956,-2.42643,2.02051,1.89799,
1777761557,-2.84373,3.38426,2.71667,0.74974,-0.65575,-0.05415,-0.07032,-2.56771,1.93828,1.91863,
1777761557,-2.99624,3.51281,2.85555,0.75126,-0.65398,-0.05481,-0.07004,-2.61823,1.95995,1.95902,
1777761557,-3.06604,3.60596,2.93272,0.75096,-0.65435,-0.05505,-0.06964,-2.63455,1.97708,1.97848,
1777761557,-3.23967,3.73833,3.07529,0.75153,-0.65360,-0.05620,-0.06964,-2.70085,1.97445,2.01855,
1777761557,-3.30730,3.83227,3.15207,0.75153,-0.65361,-0.05679,-0.06911,-2.71647,1.99369,2.03723,
1777761557,-3.51733,3.95409,3.30570,0.75197,-0.65302,-0.05832,-0.06868,-2.80556,1.97608,2.08021,
1777761557,-3.58375,4.03367,3.37433,0.75219,-0.65276,-0.05891,-0.06815,-2.82332,1.99061,2.09751,
1777761557,-3.79440,4.15963,3.53062,0.75311,-0.65158,-0.06010,-0.06825,-2.90983,1.97633,2.13374,
1777761557,-3.87117,4.23348,3.60042,0.75331,-0.65135,-0.06043,-0.06800,-2.93257,1.98367,2.14755,
1777761558,-4.09676,4.35019,3.75510,0.75375,-0.65079,-0.06134,-0.06760,-3.02443,1.96685,2.18537,
1777761558,-4.16560,4.42653,3.82646,0.75363,-0.65092,-0.06180,-0.06726,-3.04040,1.98830,2.19929,
1777761558,-4.41045,4.53331,3.98471,0.75420,-0.65012,-0.06289,-0.06756,-3.13556,1.95251,2.23393,
1777761558,-4.50805,4.59191,4.05496,0.75455,-0.64976,-0.06340,-0.06674,-3.17152,1.95450,2.24768,
1777761558,-4.75533,4.69775,4.21541,0.75529,-0.64880,-0.06482,-0.06627,-3.26559,1.92580,2.28216,
1777761558,-4.87308,4.76108,4.29694,0.75564,-0.64831,-0.06558,-0.06635,-3.30540,1.92321,2.29888,
1777761558,-5.12345,4.84468,4.44732,0.75660,-0.64696,-0.06701,-0.06714,-3.40007,1.88424,2.32964,
1777761558,-5.27402,4.87733,4.52829,0.75695,-0.64647,-0.06774,-0.06717,-3.46098,1.86005,2.34222,
1777761558,-5.53026,4.95482,4.67994,0.75731,-0.64574,-0.06974,-0.06801,-3.55425,1.82407,2.37443,
1777761558,-5.68502,4.98627,4.76410,0.75748,-0.64540,-0.07073,-0.06847,-3.61326,1.80082,2.38937,
1777761558,-5.95059,5.08297,4.93242,0.75739,-0.64535,-0.07184,-0.06877,-3.70679,1.76000,2.42385,
1777761558,-6.08606,5.11745,5.00841,0.75748,-0.64514,-0.07242,-0.06904,-3.75716,1.74182,2.43549,
1777761558,-6.35032,5.22114,5.17673,0.75745,-0.64499,-0.07368,-0.06942,-3.84444,1.72049,2.46918,
1777761558,-6.49125,5.24334,5.24860,0.75782,-0.64441,-0.07471,-0.06974,-3.89769,1.69745,2.47940,
1777761558,-6.76246,5.34273,5.41807,0.75744,-0.64474,-0.07602,-0.06936,-3.98678,1.66814,2.51050,
1777761558,-6.89295,5.39055,5.49887,0.75738,-0.64478,-0.07671,-0.06893,-4.02852,1.65685,2.52286,
1777761558,-7.17380,5.49174,5.67485,0.75760,-0.64439,-0.07843,-0.06817,-4.11934,1.63255,2.55241,
1777761558,-7.30928,5.53660,5.75637,0.75774,-0.64416,-0.07924,-0.06781,-4.16084,1.61929,2.56802,
1777761558,-7.59843,5.63580,5.93490,0.75916,-0.64252,-0.07987,-0.06679,-4.25057,1.59324,2.59569,
1777761558,-7.74310,5.67227,6.01934,0.75993,-0.64160,-0.08029,-0.06638,-4.29494,1.58048,2.60985,
1777761559,-8.04230,5.76340,6.19831,0.76068,-0.64052,-0.08168,-0.06660,-4.38513,1.55093,2.64230,
1777761559,-8.20447,5.80967,6.29252,0.76053,-0.64066,-0.08221,-0.06632,-4.43563,1.53987,2.65648,
1777761559,-8.48589,5.90493,6.46503,0.76010,-0.64111,-0.08308,-0.06572,-4.51532,1.51117,2.68523,
1777761559,-8.64517,5.95928,6.55949,0.76020,-0.64095,-0.08375,-0.06527,-4.56455,1.50819,2.69885,
1777761559,-8.94681,6.07198,6.74907,0.76122,-0.63971,-0.08462,-0.06443,-4.64832,1.49065,2.72865,
1777761559,-9.09961,6.12103,6.83970,0.76191,-0.63888,-0.08489,-0.06414,-4.69143,1.47982,2.74271,
1777761559,-9.41800,6.22036,7.02843,0.76237,-0.63829,-0.08617,-0.06285,-4.78491,1.45521,2.77184,
1777761559,-9.55981,6.27736,7.11652,0.76237,-0.63829,-0.08687,-0.06184,-4.82135,1.45112,2.78435,
1777761559,-9.89244,6.36434,7.30853,0.76357,-0.63666,-0.08871,-0.06127,-4.91405,1.42881,2.81170,
1777761559,-10.06494,6.38085,7.39028,0.76433,-0.63560,-0.08968,-0.06135,-4.96783,1.40049,2.82430,
1777761559,-10.41528,6.44844,7.58344,0.76555,-0.63391,-0.09146,-0.06109,-5.06881,1.35443,2.85458,
1777761559,-10.57227,6.49616,7.67543,0.76588,-0.63343,-0.09183,-0.06124,-5.11137,1.34030,2.86590,
1777761559,-10.92830,6.57032,7.87318,0.76665,-0.63232,-0.09295,-0.06152,-5.21205,1.29209,2.89381,
1777761559,-11.10040,6.60170,7.96616,0.76713,-0.63162,-0.09364,-0.06158,-5.26032,1.26760,2.90591,
1777761559,-11.46290,6.67440,8.16638,0.76800,-0.63036,-0.09510,-0.06153,-5.36238,1.22758,2.93234,
1777761559,-11.66055,6.70684,8.27116,0.76842,-0.62973,-0.09577,-0.06167,-5.41827,1.20058,2.94485,
1777761559,-12.01546,6.76498,8.46109,0.76934,-0.62847,-0.09652,-0.06183,-5.51599,1.14915,2.97015,
1777761559,-12.21901,6.79300,8.56689,0.77006,-0.62750,-0.09719,-0.06172,-5.57292,1.11497,2.98293,
1777761559,-12.57627,6.85622,8.75996,0.77119,-0.62595,-0.09841,-0.06138,-5.66906,1.07791,3.00779,
1777761559,-12.78306,6.88616,8.86748,0.77137,-0.62562,-0.09905,-0.06153,-5.72378,1.04992,3.02093,
1777761560,-13.17466,6.94551,9.07404,0.77185,-0.62487,-0.10014,-0.06122,-5.83043,0.99729,3.04396,
1777761560,-13.35591,6.98941,9.16995,0.77213,-0.62442,-0.10064,-0.06156,-5.88304,0.97944,3.05465,
1777761560,-13.75371,7.05054,9.37940,0.77272,-0.62349,-0.10206,-0.06123,-5.98897,0.92815,3.07778,
1777761560,-13.94652,7.07569,9.47858,0.77318,-0.62283,-0.10248,-0.06146,-6.04013,0.90421,3.08814,
1777761560,-14.36029,7.12616,9.68989,0.77398,-0.62165,-0.10336,-0.06180,-6.14708,0.84920,3.11312,
1777761560,-14.55772,7.14518,9.78812,0.77424,-0.62125,-0.10386,-0.06179,-6.20002,0.82255,3.12119,
1777761560,-14.98073,7.19198,10.00088,0.77400,-0.62135,-0.10527,-0.06137,-6.30695,0.76435,3.14269,
1777761560,-15.18338,7.21115,10.10069,0.77391,-0.62137,-0.10598,-0.06116,-6.35750,0.73754,3.15281,
1777761560,-15.61886,7.25089,10.31536,0.77407,-0.62100,-0.10728,-0.06059,-6.46596,0.68432,3.17279,
1777761560,-15.85321,7.26930,10.42868,0.77418,-0.62077,-0.10801,-0.06016,-6.52532,0.65943,3.18385,
1777761560,-16.27256,7.30245,10.63185,0.77417,-0.62060,-0.10929,-0.05969,-6.62666,0.60632,3.20235,
1777761560,-16.54687,7.24258,10.74274,0.77496,-0.61949,-0.10989,-0.05994,-6.70631,0.52823,3.21178,
1777761560,-16.97997,7.26078,10.94760,0.77552,-0.61861,-0.11119,-0.05937,-6.81130,0.47053,3.23319,
1777761560,-17.22551,7.26989,11.06258,0.77573,-0.61823,-0.11185,-0.05932,-6.87090,0.43984,3.24086,
1777761560,-17.69393,7.28777,11.28161,0.77635,-0.61739,-0.11269,-0.05848,-6.98349,0.37964,3.26344,
1777761560,-17.91961,7.29232,11.38523,0.77665,-0.61696,-0.11319,-0.05801,-7.03756,0.35041,3.27243,
1777761560,-18.40115,7.30343,11.60671,0.77706,-0.61630,-0.11452,-0.05689,-7.14943,0.29054,3.29547,
1777761560,-18.64698,7.27115,11.70988,0.77772,-0.61536,-0.11478,-0.05745,-7.21525,0.24254,3.30205,
1777761560,-19.13851,7.27688,11.93410,0.77837,-0.61434,-0.11594,-0.05726,-7.33036,0.17323,3.32199,
1777761560,-19.37256,7.27804,12.03981,0.77878,-0.61369,-0.11662,-0.05727,-7.38521,0.14243,3.33178,
1777761561,-19.87674,7.27810,12.26590,0.77922,-0.61292,-0.11787,-0.05703,-7.50080,0.07336,3.35321,
1777761561,-20.11603,7.27501,12.37170,0.77979,-0.61211,-0.11841,-0.05677,-7.55627,0.04145,3.36103,
1777761561,-20.63257,7.26626,12.59910,0.78082,-0.61061,-0.11966,-0.05629,-7.67370,-0.02472,3.38066,
1777761561,-20.87898,7.25863,12.70605,0.78103,-0.61019,-0.12035,-0.05630,-7.73048,-0.05692,3.38804,
1777761561,-21.40671,7.24344,12.93497,0.78154,-0.60926,-0.12170,-0.05647,-7.84844,-0.13255,3.40820,
1777761561,-21.68945,7.23311,13.05622,0.78201,-0.60849,-0.12233,-0.05679,-7.91115,-0.17171,3.41619,
1777761561,-22.19741,7.21113,13.27291,0.78258,-0.60763,-0.12338,-0.05597,-8.02452,-0.24165,3.43335,
1777761561,-22.48855,7.19435,13.39554,0.78302,-0.60696,-0.12395,-0.05577,-8.08995,-0.27891,3.44258,
1777761561,-23.04237,7.16263,13.62812,0.78345,-0.60617,-0.12514,-0.05570,-8.21056,-0.35380,3.46251,
1777761561,-23.30449,7.14484,13.73699,0.78347,-0.60601,-0.12581,-0.05573,-8.26754,-0.39118,3.46688,
1777761561,-23.86973,7.10586,13.97081,0.78317,-0.60606,-0.12744,-0.05563,-8.38907,-0.47245,3.48631,
1777761561,-24.13884,7.08428,14.08098,0.78331,-0.60580,-0.12781,-0.05571,-8.44742,-0.50702,3.49352,
1777761561,-24.71598,7.03762,14.31636,0.78345,-0.60546,-0.12869,-0.05535,-8.56952,-0.58858,3.50877,
1777761561,-24.99105,7.01282,14.42731,0.78385,-0.60484,-0.12910,-0.05552,-8.62976,-0.62531,3.51390,
1777761561,-25.58210,6.95749,14.66464,0.78367,-0.60472,-0.13110,-0.05469,-8.75466,-0.71158,3.53267,
1777761561,-25.86208,6.92626,14.77560,0.78362,-0.60460,-0.13206,-0.05431,-8.81374,-0.74770,3.53967,
1777761561,-26.46467,6.86091,15.01378,0.78343,-0.60449,-0.13406,-0.05347,-8.93965,-0.82676,3.55402,
1777761561,-26.75196,6.82595,15.12603,0.78363,-0.60413,-0.13466,-0.05307,-8.99770,-0.87125,3.55935,
1777761561,-27.36747,6.75239,15.36561,0.78417,-0.60324,-0.13586,-0.05222,-9.12678,-0.95082,3.57404,
1777761561,-27.69786,6.70916,15.49290,0.78445,-0.60268,-0.13683,-0.05182,-9.19390,-0.99370,3.58337,
1777761562,-28.29261,6.63259,15.72118,0.78472,-0.60205,-0.13819,-0.05155,-9.31636,-1.07053,3.59931,
1777761562,-28.62447,6.58840,15.84748,0.78505,-0.60142,-0.13896,-0.05177,-9.38452,-1.11362,3.60493,
1777761562,-29.22827,6.50841,16.07616,0.78567,-0.60026,-0.14029,-0.05220,-9.50863,-1.19348,3.62005,
1777761562,-29.57081,6.46037,16.20466,0.78597,-0.59975,-0.14095,-0.05192,-9.57889,-1.23640,3.62511,
1777761562,-30.22569,6.36364,16.44839,0.78596,-0.59943,-0.14228,-0.05197,-9.71088,-1.32473,3.63618,
1777761562,-30.53607,6.31488,16.56263,0.78605,-0.59928,-0.14271,-0.05124,-9.77323,-1.36788,3.64021,
1777761562,-31.20602,6.20394,16.80774,0.78611,-0.59910,-0.14366,-0.04959,-9.90864,-1.45461,3.65140,
1777761562,-31.52416,6.14687,16.92269,0.78610,-0.59893,-0.14449,-0.04951,-9.97213,-1.49680,3.65763,
1777761562,-32.20782,6.03304,17.16932,0.78661,-0.59793,-0.14581,-0.04958,-10.10137,-1.59048,3.67106,
1777761562,-32.52892,5.97667,17.28399,0.78699,-0.59735,-0.14638,-0.04902,-10.16282,-1.63068,3.67766,
1777761562,-33.22311,5.84903,17.53037,0.78729,-0.59677,-0.14755,-0.04763,-10.29601,-1.72144,3.68836,
1777761562,-33.55398,5.78416,17.64648,0.78751,-0.59634,-0.14823,-0.04733,-10.35972,-1.76410,3.69391,
1777761562,-34.26308,5.65094,17.89460,0.78801,-0.59531,-0.14973,-0.04719,-10.49456,-1.85839,3.70592,
1777761562,-34.64063,5.57885,18.02545,0.78831,-0.59471,-0.15055,-0.04710,-10.56712,-1.90992,3.71029,
1777761562,-35.32024,5.44549,18.25967,0.78865,-0.59390,-0.15201,-0.04705,-10.69812,-1.99238,3.71942,
1777761562,-35.70862,5.36622,18.39208,0.78861,-0.59369,-0.15293,-0.04718,-10.77202,-2.03877,3.72641,
1777761562,-36.40001,5.22668,18.62698,0.78703,-0.59517,-0.15495,-0.04854,-10.90644,-2.13237,3.74857,
1777761562,-36.79438,5.14755,18.76000,0.78615,-0.59595,-0.15612,-0.04933,-10.97997,-2.18930,3.75504,
1777761562,-37.54639,4.98601,19.01171,0.78706,-0.59451,-0.15735,-0.04840,-11.12212,-2.28395,3.76457,
1777761562,-37.90385,4.90465,19.12988,0.78744,-0.59385,-0.15802,-0.04811,-11.18806,-2.32848,3.76657,
1777761563,-38.66832,4.73198,19.38180,0.78814,-0.59260,-0.15934,-0.04761,-11.33004,-2.42551,3.77544,
1777761563,-39.03286,4.64650,19.50071,0.78835,-0.59216,-0.16007,-0.04732,-11.39822,-2.47391,3.77611,
1777761563,-39.81339,4.46162,19.75411,0.78861,-0.59158,-0.16124,-0.04623,-11.54320,-2.57406,3.78291,
1777761563,-40.18495,4.36922,19.87361,0.78856,-0.59143,-0.16209,-0.04592,-11.61177,-2.62112,3.78554,
1777761563,-40.97963,4.17489,20.12793,0.78835,-0.59128,-0.16385,-0.04527,-11.75628,-2.72160,3.79272,
1777761563,-41.35557,4.07895,20.24732,0.78829,-0.59114,-0.16469,-0.04498,-11.82586,-2.76875,3.79573,
1777761563,-42.16463,3.87492,20.50224,0.78817,-0.59094,-0.16620,-0.04430,-11.97610,-2.86675,3.80074,
1777761563,-42.59649,3.76362,20.63759,0.78825,-0.59071,-0.16665,-0.04413,-12.05402,-2.91982,3.80379,
1777761563,-43.37365,3.56858,20.87920,0.78824,-0.59046,-0.16746,-0.04456,-12.19403,-3.01826,3.80951,
1777761563,-43.81000,3.45968,21.01411,0.78831,-0.59022,-0.16796,-0.04471,-12.27538,-3.06480,3.80668,
1777761563,-44.59911,3.25451,21.25518,0.78859,-0.58954,-0.16911,-0.04440,-12.41564,-3.16315,3.81453,
1777761563,-45.04623,3.13673,21.39120,0.78880,-0.58910,-0.16974,-0.04418,-12.49567,-3.21853,3.81572,
1777761563,-45.90090,2.90619,21.64821,0.78921,-0.58833,-0.17066,-0.04340,-12.64903,-3.32224,3.81845,
1777761563,-46.30410,2.79632,21.76881,0.78942,-0.58793,-0.17110,-0.04336,-12.72151,-3.37159,3.82053,
1777761563,-47.17238,2.55976,22.02561,0.78976,-0.58721,-0.17204,-0.04323,-12.87636,-3.47693,3.82094,
1777761563,-47.58429,2.44766,22.14687,0.78996,-0.58681,-0.17249,-0.04319,-12.94983,-3.52413,3.82516,
1777761563,-48.46689,2.20038,22.40344,0.79051,-0.58561,-0.17409,-0.04294,-13.10307,-3.62866,3.82928,
1777761563,-48.88587,2.08223,22.52487,0.79090,-0.58479,-0.17513,-0.04278,-13.17734,-3.67543,3.82948,
1777761563,-49.78517,1.82197,22.78236,0.79140,-0.58361,-0.17691,-0.04240,-13.33140,-3.78009,3.83482,
1777761564,-50.20956,1.69785,22.90346,0.79133,-0.58364,-0.17714,-0.04219,-13.40624,-3.83075,3.83376,
1777761564,-51.12583,1.43101,23.16166,0.79113,-0.58333,-0.17889,-0.04294,-13.56170,-3.94223,3.83634,
1777761564,-51.55853,1.30867,23.28316,0.79125,-0.58289,-0.17969,-0.04327,-13.63529,-3.99161,3.83566,
1777761564,-52.48950,1.03381,23.54109,0.79175,-0.58177,-0.18103,-0.04362,-13.79372,-4.10118,3.83584,
1777761564,-52.98537,0.88872,23.67783,0.79199,-0.58123,-0.18170,-0.04365,-13.87819,-4.15677,3.83410,
1777761564,-53.87633,0.61801,23.92063,0.79254,-0.58015,-0.18281,-0.04347,-14.02736,-4.26428,3.83415,
1777761564,-54.37999,0.46471,24.05710,0.79298,-0.57934,-0.18351,-0.04331,-14.11277,-4.32479,3.83082,
1777761564,-55.34358,0.16189,24.31474,0.79358,-0.57809,-0.18501,-0.04266,-14.27221,-4.44015,3.83371,
1777761564,-55.79855,0.01782,24.43600,0.79390,-0.57745,-0.18570,-0.04238,-14.35014,-4.49106,3.83169,
1777761564,-56.77842,-0.29523,24.69375,0.79396,-0.57718,-0.18633,-0.04215,-14.51532,-4.60282,3.82969,
1777761564,-57.24181,-0.44226,24.81516,0.79398,-0.57706,-0.18666,-0.04204,-14.59163,-4.65777,3.82883,
1777761564,-58.24022,-0.76645,25.07345,0.79379,-0.57702,-0.18763,-0.04175,-14.75570,-4.77779,3.83005,
1777761564,-58.70901,-0.91933,25.19427,0.79365,-0.57701,-0.18829,-0.04161,-14.83254,-4.83217,3.82918,
1777761564,-59.72041,-1.25695,25.45142,0.79326,-0.57710,-0.18970,-0.04129,-14.99700,-4.95304,3.82652,
1777761564,-60.19919,-1.41624,25.57268,0.79337,-0.57674,-0.19034,-0.04126,-15.07517,-5.01007,3.82438,
1777761564,-61.22887,-1.76198,25.83015,0.79373,-0.57583,-0.19162,-0.04126,-15.24238,-5.12602,3.82134,
1777761564,-61.71520,-1.92233,25.95117,0.79400,-0.57527,-0.19214,-0.04131,-15.32192,-5.17980,3.81870,
1777761564,-62.76105,-2.27729,26.20825,0.79456,-0.57416,-0.19323,-0.04110,-15.48898,-5.30141,3.81584,
1777761564,-63.32006,-2.46758,26.34491,0.79494,-0.57347,-0.19377,-0.04072,-15.57818,-5.36404,3.81384,
1777761564,-64.31788,-2.81549,26.58574,0.79538,-0.57251,-0.19488,-0.04034,-15.73643,-5.48080,3.80787,
1777761565,-64.88645,-3.01243,26.72220,0.79565,-0.57193,-0.19550,-0.04015,-15.82842,-5.54534,3.80495,
1777761565,-65.90208,-3.37285,26.96369,0.79686,-0.57004,-0.19638,-0.03877,-15.98238,-5.66991,3.81001,
1777761565,-66.47951,-3.57290,27.09981,0.79845,-0.56776,-0.19684,-0.03725,-16.07628,-5.73997,3.80524,
1777761565,-67.57821,-3.97716,27.35626,0.80400,-0.55978,-0.19790,-0.03272,-16.24275,-5.86702,3.80511,
1777761565,-68.09664,-4.18194,27.47653,0.80670,-0.55579,-0.19844,-0.03086,-16.31866,-5.92928,3.78630,
1777761565,-69.03760,-7.15701,27.71044,0.81418,-0.54490,-0.19868,-0.02691,-16.39957,-6.58908,3.76246,
1777761565,-69.69122,-6.98284,27.84312,0.81457,-0.54324,-0.20159,-0.02698,-16.57500,-6.53784,3.76684,
1777761565,-70.83433,-7.29081,28.09533,0.81804,-0.53701,-0.20435,-0.02600,-16.76009,-6.64775,3.77381,
1777761565,-71.37222,-7.43870,28.21437,0.81864,-0.53555,-0.20596,-0.02433,-16.84651,-6.69746,3.78404,
1777761565,-72.51836,-7.89855,28.46544,0.81985,-0.53250,-0.20941,-0.02075,-17.03272,-6.83481,3.75116,
1777761565,-73.06270,-8.13835,28.58388,0.82167,-0.52887,-0.21153,-0.02033,-17.13351,-6.91417,3.72367,
1777761565,-74.22833,-8.61642,28.83272,0.82585,-0.52037,-0.21630,-0.01998,-17.30402,-7.05939,3.72494,
1777761565,-74.85016,-8.87757,28.96570,0.82745,-0.51689,-0.21861,-0.01903,-17.41114,-7.15527,3.73418,
1777761565,-75.95883,-9.41157,29.20010,0.82696,-0.51635,-0.22209,-0.01424,-17.58072,-7.32907,3.70832,
1777761565,-76.57677,-9.79676,29.33209,0.82518,-0.51812,-0.22465,-0.01304,-17.67527,-7.43741,3.70581,
1777761565,-77.59581,-11.27145,29.56595,0.82733,-0.51457,-0.22499,-0.01113,-17.69079,-7.92244,3.67932,
1777761565,-78.41281,-10.78677,29.70929,0.82636,-0.51441,-0.22898,-0.00871,-17.88367,-7.79739,3.67596,
1777761565,-79.64762,-11.14231,29.94299,0.82677,-0.51159,-0.23390,-0.00343,-18.05900,-7.92150,3.66265,
1777761565,-80.22376,-11.36399,30.05653,0.82701,-0.51018,-0.23614,-0.00093,-18.09465,-7.96703,3.63038,
1777761565,-81.46543,-11.91253,30.30557,0.83056,-0.50273,-0.23960,0.00413,-18.27588,-8.09980,3.64795,
1777761566,-82.04686,-12.17098,30.42116,0.83315,-0.49790,-0.24066,0.00647,-18.35564,-8.18163,3.63555,
1777761566,-83.30272,-12.73264,30.66901,0.83703,-0.48982,-0.24373,0.00752,-18.55022,-8.32910,3.64620,
1777761566,-83.89742,-13.00024,30.78560,0.83821,-0.48694,-0.24548,0.00643,-18.64033,-8.40100,3.64401,
1777761566,-85.17039,-13.57508,31.03330,0.84056,-0.48140,-0.24839,0.00456,-18.83048,-8.53496,3.66808,
1777761566,-85.77344,-13.84920,31.15060,0.84155,-0.47936,-0.24898,0.00408,-18.91367,-8.61778,3.67318,
1777761566,-87.06893,-14.44196,31.40076,0.84434,-0.47381,-0.25007,0.00773,-19.11420,-8.78339,3.66711,
1777761566,-87.75556,-14.75828,31.53218,0.84537,-0.47090,-0.25207,0.00814,-19.21611,-8.87342,3.67369,
1777761566,-88.99402,-15.33304,31.76816,0.84904,-0.46262,-0.25492,0.01151,-19.37913,-9.04216,3.67434,
1777761566,-89.69649,-15.66144,31.90103,0.85142,-0.45740,-0.25623,0.01435,-19.48331,-9.12388,3.67726,
1777761566,-90.95226,-16.25191,32.13757,0.85218,-0.45448,-0.25870,0.01736,-19.67579,-9.29170,3.69792,
1777761566,-91.65934,-16.58673,32.26998,0.85236,-0.45380,-0.25930,0.01757,-19.77735,-9.39082,3.68835,
1777761566,-93.00738,-17.23033,32.51993,0.85270,-0.45248,-0.26045,0.01800,-19.96551,-9.58459,3.67939,
1777761566,-93.64600,-17.53767,32.63726,0.85289,-0.45173,-0.26112,0.01830,-20.05542,-9.67530,3.67348,
1777761566,-95.02003,-18.20411,32.88739,0.85326,-0.45024,-0.26243,0.01887,-20.24572,-9.87237,3.66282,
1777761566,-95.66823,-18.52098,33.00432,0.85337,-0.44967,-0.26302,0.01926,-20.33515,-9.96553,3.65753,
1777761566,-97.06144,-19.20736,33.25329,0.85361,-0.44844,-0.26429,0.02012,-20.52415,-10.16481,3.64420,
1777761566,-97.71388,-19.53127,33.36881,0.85371,-0.44787,-0.26488,0.02051,-20.61254,-10.25771,3.63880,
1777761566,-99.12350,-20.23632,33.61603,0.85394,-0.44664,-0.26615,0.02136,-20.80414,-10.45851,3.62524,
1777761566,-99.78747,-20.57090,33.73139,0.85405,-0.44603,-0.26682,0.02162,-20.89295,-10.55319,3.61925,
1777761566,-101.21770,-21.29698,33.97756,0.85420,-0.44490,-0.26816,0.02229,-21.08568,-10.75735,3.60526,
1777761567,-101.89600,-21.64381,34.09317,0.85424,-0.44445,-0.26876,0.02265,-21.17697,-10.85244,3.59853,
1777761567,-103.34304,-22.38893,34.33751,0.85445,-0.44322,-0.27002,0.02350,-21.36980,-11.05704,3.58535,
1777761567,-104.11396,-22.78883,34.46639,0.85457,-0.44257,-0.27069,0.02394,-21.47143,-11.16617,3.57669,
1777761567,-105.49314,-23.50925,34.69469,0.85486,-0.44133,-0.27174,0.02433,-21.65214,-11.36005,3.56194,
1777761567,-106.27306,-23.91947,34.82254,0.85503,-0.44064,-0.27234,0.02455,-21.75333,-11.47063,3.55395,
1777761567,-107.75907,-24.70675,35.06365,0.85533,-0.43932,-0.27346,0.02496,-21.94585,-11.68156,3.53600,
1777761567,-108.46193,-25.08168,35.17654,0.85544,-0.43877,-0.27398,0.02513,-22.03716,-11.78033,3.52783,
1777761567,-109.97414,-25.89380,35.41689,0.85564,-0.43766,-0.27511,0.02547,-22.23306,-11.99465,3.50820,
1777761567,-110.67844,-26.27456,35.52767,0.85575,-0.43709,-0.27563,0.02565,-22.32387,-12.09412,3.50034,
1777761567,-112.20797,-27.10695,35.76578,0.85596,-0.43600,-0.27670,0.02613,-22.51937,-12.31046,3.48022,
1777761567,-112.92538,-27.49994,35.87627,0.85602,-0.43556,-0.27715,0.02641,-22.61166,-12.41189,3.47067,
1777761567,-114.47447,-28.35405,36.11232,0.85622,-0.43426,-0.27853,0.02697,-22.80748,-12.63027,3.45015,
1777761567,-115.20082,-28.75709,36.22182,0.85630,-0.43371,-0.27912,0.02718,-22.89878,-12.73132,3.43982,
1777761567,-116.77067,-29.63369,36.45591,0.85657,-0.43242,-0.28024,0.02758,-23.09588,-12.95178,3.41907,
1777761567,-117.50674,-30.04728,36.56450,0.85662,-0.43194,-0.28082,0.02789,-23.18772,-13.05506,3.40892,
1777761567,-119.09245,-30.94379,36.79575,0.85666,-0.43099,-0.28208,0.02865,-23.39021,-13.27917,3.38442,
1777761567,-119.93375,-31.42247,36.91699,0.85667,-0.43048,-0.28275,0.02905,-23.49525,-13.39785,3.37220,
1777761567,-121.44965,-32.29021,37.13303,0.85674,-0.42954,-0.28393,0.02972,-23.68242,-13.60890,3.35075,
1777761567,-122.29696,-32.77818,37.25242,0.85689,-0.42884,-0.28451,0.02993,-23.78550,-13.72778,3.33800,
1777761567,-123.82785,-33.66511,37.46565,0.85706,-0.42777,-0.28556,0.03026,-23.97322,-13.94169,3.31343,
1777761568,-124.69392,-34.16983,37.58486,0.85713,-0.42722,-0.28617,0.03044,-24.07994,-14.06242,3.30062,
1777761568,-126.33953,-35.13461,37.80866,0.85716,-0.42616,-0.28758,0.03090,-24.28075,-14.29098,3.27638,
1777761568,-127.11718,-35.59314,37.91319,0.85718,-0.42567,-0.28824,0.03111,-24.37511,-14.39846,3.26433,
1777761568,-128.78297,-36.58094,38.13447,0.85731,-0.42462,-0.28936,0.03143,-24.57607,-14.63023,3.23741,
1777761568,-129.57025,-37.05046,38.23777,0.85737,-0.42413,-0.28989,0.03158,-24.66998,-14.73979,3.22456,
1777761568,-131.25685,-38.06206,38.45640,0.85749,-0.42309,-0.29100,0.03190,-24.87181,-14.97413,3.19706,
1777761568,-132.04645,-38.53827,38.55749,0.85755,-0.42260,-0.29152,0.03205,-24.96641,-15.08355,3.18373,
1777761568,-133.75507,-39.57441,38.77354,0.85768,-0.42155,-0.29264,0.03236,-25.17088,-15.31976,3.15542,
1777761568,-134.56140,-40.06599,38.87422,0.85773,-0.42106,-0.29316,0.03251,-25.26721,-15.43023,3.14203,
1777761568,-136.29129,-41.12627,39.08746,0.85786,-0.42001,-0.29428,0.03283,-25.47130,-15.66933,3.11171,
1777761568,-137.21051,-41.69282,39.19924,0.85792,-0.41945,-0.29487,0.03300,-25.57978,-15.79510,3.09625,
1777761568,-138.85146,-42.70944,39.39620,0.85803,-0.41847,-0.29591,0.03329,-25.77337,-16.01975,3.06788,
1777761568,-139.77896,-43.28704,39.50609,0.85813,-0.41785,-0.29645,0.03359,-25.88189,-16.14832,3.05205,
1777761568,-141.44350,-44.32908,39.70072,0.85836,-0.41668,-0.29735,0.03426,-26.07441,-16.37722,3.02271,
1777761568,-142.38193,-44.91960,39.80899,0.85846,-0.41607,-0.29790,0.03452,-26.18278,-16.50701,3.00609,
1777761568,-144.17252,-46.05246,40.01263,0.85857,-0.41502,-0.29901,0.03484,-26.38828,-16.75246,2.97320,
1777761568,-145.01614,-46.58887,40.10727,0.85863,-0.41445,-0.29960,0.03505,-26.48449,-16.86707,2.95841,
1777761568,-146.82357,-47.74384,40.30725,0.85875,-0.41329,-0.30081,0.03545,-26.69153,-17.11277,2.92458,
1777761568,-147.68094,-48.29438,40.40076,0.85883,-0.41274,-0.30133,0.03561,-26.78931,-17.22934,2.90839,
1777761568,-149.51695,-49.47921,40.59814,0.85887,-0.41162,-0.30268,0.03606,-26.99771,-17.48044,2.87414,
1777761569,-150.37598,-50.03627,40.68917,0.85890,-0.41112,-0.30324,0.03623,-27.09478,-17.59746,2.85758,
1777761569,-152.22457,-51.24084,40.88217,0.85898,-0.41008,-0.30437,0.03662,-27.30253,-17.84893,2.82220,
1777761569,-153.10022,-51.81416,40.97225,0.85900,-0.40960,-0.30492,0.03686,-27.40093,-17.96741,2.80555,
1777761569,-154.97275,-53.04589,41.16206,0.85910,-0.40854,-0.30603,0.03717,-27.61079,-18.21977,2.77004,
1777761569,-155.96549,-53.70208,41.26112,0.85915,-0.40798,-0.30661,0.03734,-27.72032,-18.35359,2.75108,
1777761569,-157.74481,-54.88360,41.43598,0.85924,-0.40698,-0.30765,0.03764,-27.91872,-18.59271,2.71647,
1777761569,-158.75206,-55.55551,41.53342,0.85934,-0.40633,-0.30823,0.03784,-28.02930,-18.72902,2.69602,
1777761569,-160.55313,-56.76250,41.70493,0.85955,-0.40505,-0.30925,0.03823,-28.22610,-18.97158,2.66016,
1777761569,-161.56862,-57.44616,41.80008,0.85967,-0.40434,-0.30983,0.03845,-28.33659,-19.10852,2.63954,
1777761569,-163.50768,-58.75784,41.97864,0.85978,-0.40323,-0.31093,0.03878,-28.54657,-19.37051,2.59850,
1777761569,-164.42266,-59.37960,42.06148,0.85982,-0.40273,-0.31145,0.03893,-28.64619,-19.49344,2.57960,
1777761569,-166.38471,-60.71881,42.23613,0.85991,-0.40166,-0.31255,0.03924,-28.85762,-19.75737,2.53847,
1777761569,-167.29699,-61.34427,42.31593,0.85995,-0.40116,-0.31306,0.03939,-28.95545,-19.88007,2.51909,
1777761569,-169.28079,-62.71047,42.48642,0.86003,-0.40009,-0.31416,0.03970,-29.16648,-20.14592,2.47539,
1777761569,-170.21062,-63.35364,42.56487,0.86007,-0.39959,-0.31468,0.03985,-29.26523,-20.27161,2.45493,
1777761569,-172.21201,-64.74417,42.73066,0.86015,-0.39852,-0.31578,0.04016,-29.47680,-20.54136,2.40999,
1777761569,-173.15410,-65.40157,42.80723,0.86018,-0.39802,-0.31629,0.04031,-29.57678,-20.66704,2.38948,
1777761569,-175.17584,-66.81850,42.96844,0.86025,-0.39694,-0.31743,0.04064,-29.78854,-20.93836,2.34420,
1777761569,-176.12360,-67.48556,43.04256,0.86023,-0.39644,-0.31807,0.04085,-29.88852,-21.06372,2.32264,
1777761570,-178.17490,-68.93534,43.19981,0.86030,-0.39536,-0.31918,0.04117,-30.10283,-21.33697,2.27638,
1777761570,-179.25431,-69.70157,43.28085,0.86034,-0.39479,-0.31975,0.04133,-30.21460,-21.47922,2.25223,
1777761570,-181.19763,-71.08676,43.42381,0.86041,-0.39378,-0.32078,0.04163,-30.41593,-21.73806,2.20775,
1777761570,-182.29139,-71.86960,43.50262,0.86044,-0.39322,-0.32136,0.04179,-30.52860,-21.88224,2.18349,
1777761570,-184.37399,-73.36662,43.64941,0.86051,-0.39214,-0.32245,0.04210,-30.74167,-22.15971,2.13493,
1777761570,-185.36293,-74.08041,43.71760,0.86054,-0.39163,-0.32297,0.04225,-30.84311,-22.29120,2.11165,
1777761570,-187.46425,-75.60333,43.85923,0.86065,-0.39046,-0.32405,0.04260,-31.05779,-22.57194,2.05977,
1777761570,-188.46232,-76.32966,43.92495,0.86074,-0.38982,-0.32456,0.04280,-31.15788,-22.70428,2.03737,
1777761570,-190.58583,-77.88127,44.06163,0.86089,-0.38853,-0.32564,0.04319,-31.37109,-22.98590,1.98720,
1777761570,-191.59126,-78.61890,44.12484,0.86092,-0.38802,-0.32615,0.04334,-31.47175,-23.11865,1.96369,
1777761570,-193.73838,-80.20036,44.25658,0.86098,-0.38694,-0.32724,0.04365,-31.68786,-23.40175,1.91121,
1777761570,-194.75039,-80.94868,44.31713,0.86100,-0.38643,-0.32775,0.04380,-31.78914,-23.53576,1.88634,
1777761570,-196.92489,-82.56293,44.44386,0.86106,-0.38535,-0.32884,0.04411,-32.00555,-23.82245,1.83143,
1777761570,-197.94996,-83.32686,44.50201,0.86108,-0.38484,-0.32935,0.04425,-32.10690,-23.95780,1.80544,
1777761570,-200.13726,-84.96327,44.62278,0.86113,-0.38376,-0.33044,0.04457,-32.32208,-24.24460,1.75136,
1777761570,-201.30915,-85.84351,44.68565,0.86116,-0.38318,-0.33102,0.04473,-32.43753,-24.39849,1.72249,
1777761570,-203.38947,-87.41219,44.79411,0.86115,-0.38228,-0.33204,0.04498,-32.63931,-24.67264,1.67025,
1777761570,-204.56297,-88.30047,44.85354,0.86115,-0.38177,-0.33262,0.04512,-32.75293,-24.82612,1.64153,
1777761570,-206.67561,-89.90566,44.95735,0.86120,-0.38074,-0.33364,0.04542,-32.95875,-25.10215,1.58720,
1777761570,-207.85842,-90.80772,45.01370,0.86119,-0.38016,-0.33429,0.04561,-33.07450,-25.25740,1.55827,
1777761571,-210.11515,-92.53536,45.11777,0.86119,-0.37907,-0.33547,0.04597,-33.29396,-25.55064,1.50211,
1777761571,-211.18245,-93.35541,45.16541,0.86124,-0.37851,-0.33597,0.04613,-33.39622,-25.69000,1.47484,
1777761571,-213.46701,-95.11716,45.26397,0.86137,-0.37719,-0.33705,0.04653,-33.61669,-25.98772,1.41594,
1777761571,-214.53378,-95.94280,45.30839,0.86139,-0.37668,-0.33755,0.04668,-33.71812,-26.12727,1.38802,
1777761571,-216.84332,-97.73694,45.40109,0.86142,-0.37559,-0.33863,0.04699,-33.93608,-26.42857,1.32772,
1777761571,-217.92149,-98.57756,45.44275,0.86144,-0.37508,-0.33914,0.04714,-34.03730,-26.56846,1.29871,
1777761571,-220.25063,-100.40008,45.52921,0.86147,-0.37399,-0.34022,0.04745,-34.25773,-26.87159,1.23597,
1777761571,-221.34549,-101.25987,45.56817,0.86149,-0.37347,-0.34073,0.04759,-34.36105,-27.01429,1.20570,
1777761571,-223.68876,-103.10659,45.64797,0.86151,-0.37238,-0.34180,0.04790,-34.58103,-27.31829,1.14238,
1777761571,-224.93890,-104.09543,45.68859,0.86156,-0.37173,-0.34237,0.04810,-34.69957,-27.48127,1.10891,
1777761571,-227.16269,-105.86060,45.75756,0.86160,-0.37067,-0.34338,0.04840,-34.90689,-27.76978,1.04978,
1777761571,-228.42556,-106.86652,45.79485,0.86161,-0.37009,-0.34395,0.04857,-35.02461,-27.93317,1.01536,
1777761571,-230.67335,-108.66319,45.85783,0.86163,-0.36908,-0.34494,0.04892,-35.23256,-28.22317,0.95268,
1777761571,-231.94188,-109.68060,45.89143,0.86168,-0.36845,-0.34543,0.04929,-35.34859,-28.38641,0.91732,
1777761571,-234.35442,-111.62251,45.95157,0.86181,-0.36717,-0.34636,0.05001,-35.57039,-28.69735,0.84975,
1777761571,-235.49334,-112.54235,45.97822,0.86183,-0.36663,-0.34684,0.05022,-35.67415,-28.84370,0.81745,
1777761571,-237.92797,-114.51549,46.03151,0.86185,-0.36553,-0.34792,0.05053,-35.89376,-29.15810,0.74816,
1777761571,-239.07322,-115.44684,46.05482,0.86186,-0.36502,-0.34842,0.05067,-35.99675,-29.30532,0.71527,
1777761571,-241.54338,-117.46252,46.10142,0.86187,-0.36395,-0.34945,0.05109,-36.21953,-29.62418,0.64627,
1777761571,-242.69025,-118.40155,46.12132,0.86187,-0.36344,-0.34995,0.05124,-36.32297,-29.77158,0.61229,
1777761572,-245.17082,-120.43933,46.16051,0.86182,-0.36251,-0.35099,0.05157,-36.54490,-30.09035,0.54049,
1777761572,-246.33786,-121.40124,46.17720,0.86184,-0.36201,-0.35140,0.05195,-36.65001,-30.23868,0.50594,
1777761572,-248.84902,-123.47789,46.20925,0.86185,-0.36085,-0.35253,0.05212,-36.87091,-30.56172,0.43548,
1777761572,-250.17514,-124.57840,46.22426,0.86185,-0.36033,-0.35303,0.05244,-36.98844,-30.73235,0.39961,
1777761572,-252.53799,-126.54572,46.24728,0.86181,-0.35924,-0.35421,0.05267,-37.19553,-31.03416,0.32673,
